point_id,ctau_mm,total_width_GeV,g_hH2H2_GeV,GHphiphi_GeV,BR_H2_to_bb,sigma_production_pb,sigma_production_error_pb,Trackless_Aeff,Trackless_Aeff_error,sigma_4b_fb,visible_sigma_fb,N_expected_139fb,N_expected_error,observed_S95,N_over_observed_S95,above_observed_S95,interpretation,production_status,efficiency_status
eff_ctau0p3_g40_br0p1,0.3,6.5775660133333333e-13,40,-40,0.1,9.1117154238163340e-05,0.0000000000000000e+00,0,0.0005,9.1117154238163365e-04,0.0000000000000000e+00,0.0000000000000000e+00,6.3326422195523533e-05,3.0,0.0000000000000000e+00,False,EFFECTIVE_PHENOMENOLOGICAL,STRUCTURAL_PREDICTION_ONLY,LOW_MC_STATISTICS
eff_ctau0p3_g40_br0p25,0.3,6.5775660133333333e-13,40,-40,0.25,9.1117154238163340e-05,0.0000000000000000e+00,0,0.0005,5.6948221398852089e-03,0.0000000000000000e+00,0.0000000000000000e+00,3.9579013872202202e-04,3.0,0.0000000000000000e+00,False,EFFECTIVE_PHENOMENOLOGICAL,STRUCTURAL_PREDICTION_ONLY,LOW_MC_STATISTICS
eff_ctau0p3_g40_br0p5,0.3,6.5775660133333333e-13,40,-40,0.5,9.1117154238163340e-05,0.0000000000000000e+00,0,0.0005,2.2779288559540836e-02,0.0000000000000000e+00,0.0000000000000000e+00,1.5831605548880881e-03,3.0,0.0000000000000000e+00,False,EFFECTIVE_PHENOMENOLOGICAL,STRUCTURAL_PREDICTION_ONLY,LOW_MC_STATISTICS
eff_ctau0p3_g40_br0p7567,0.3,6.5775660133333333e-13,40,-40,0.7567374858085787,9.1117154238163340e-05,0.0000000000000000e+00,0,0.0005,5.2178386205496426e-02,0.0000000000000000e+00,0.0000000000000000e+00,3.6263978412820019e-03,3.0,0.0000000000000000e+00,False,EFFECTIVE_PHENOMENOLOGICAL,STRUCTURAL_PREDICTION_ONLY,LOW_MC_STATISTICS
eff_ctau0p3_g40_br1,0.3,6.5775660133333333e-13,40,-40,1,9.1117154238163340e-05,0.0000000000000000e+00,0,0.0005,9.1117154238163342e-02,0.0000000000000000e+00,0.0000000000000000e+00,6.3326422195523523e-03,3.0,0.0000000000000000e+00,False,EFFECTIVE_PHENOMENOLOGICAL,STRUCTURAL_PREDICTION_ONLY,LOW_MC_STATISTICS
eff_ctau1_g40_br0p1,1,1.9732698040000000e-13,40,-40,0.1,9.1117154238163340e-05,0.0000000000000000e+00,0.003951574,0.00124959741827022,9.1117154238163365e-04,3.6005617764151619e-06,5.0047808692170752e-04,1.5826506736763235e-04,3.0,1.6682602897390251e-04,False,EFFECTIVE_PHENOMENOLOGICAL,STRUCTURAL_PREDICTION_ONLY,VALIDATED
eff_ctau1_g40_br0p25,1,1.9732698040000000e-13,40,-40,0.25,9.1117154238163340e-05,0.0000000000000000e+00,0.003951574,0.00124959741827022,5.6948221398852089e-03,2.2503511102594757e-05,3.1279880432606715e-03,9.8915667104770193e-04,3.0,1.0426626810868904e-03,False,EFFECTIVE_PHENOMENOLOGICAL,STRUCTURAL_PREDICTION_ONLY,VALIDATED
eff_ctau1_g40_br0p5,1,1.9732698040000000e-13,40,-40,0.5,9.1117154238163340e-05,0.0000000000000000e+00,0.003951574,0.00124959741827022,2.2779288559540836e-02,9.0014044410379029e-05,1.2511952173042686e-02,3.9566266841908077e-03,3.0,4.1706507243475617e-03,False,EFFECTIVE_PHENOMENOLOGICAL,STRUCTURAL_PREDICTION_ONLY,VALIDATED
eff_ctau1_g40_br0p7567,1,1.9732698040000000e-13,40,-40,0.7567374858085787,9.1117154238163340e-05,0.0000000000000000e+00,0.003951574,0.00124959741827022,5.2178386205496426e-02,2.0618675429159833e-04,2.8659958846532167e-02,9.0630747601733747e-03,3.0,9.5533196155107216e-03,False,EFFECTIVE_PHENOMENOLOGICAL,STRUCTURAL_PREDICTION_ONLY,VALIDATED
eff_ctau1_g40_br1,1,1.9732698040000000e-13,40,-40,1,9.1117154238163340e-05,0.0000000000000000e+00,0.003951574,0.00124959741827022,9.1117154238163342e-02,3.6005617764151612e-04,5.0047808692170744e-02,1.5826506736763231e-02,3.0,1.6682602897390247e-02,False,EFFECTIVE_PHENOMENOLOGICAL,STRUCTURAL_PREDICTION_ONLY,VALIDATED
eff_ctau3_g40_br0p1,3,6.5775660133333331e-14,40,-40,0.1,9.1117154238163340e-05,0.0000000000000000e+00,0.013341595,0.002255141155822941,9.1117154238163365e-04,1.2156481693981091e-05,1.6897509554633717e-03,2.8562004188828895e-04,3.0,5.6325031848779056e-04,False,EFFECTIVE_PHENOMENOLOGICAL,STRUCTURAL_PREDICTION_ONLY,VALIDATED
eff_ctau3_g40_br0p25,3,6.5775660133333331e-14,40,-40,0.25,9.1117154238163340e-05,0.0000000000000000e+00,0.013341595,0.002255141155822941,5.6948221398852089e-03,7.5978010587381798e-05,1.0560943471646069e-02,1.7851252618018053e-03,3.0,3.5203144905486899e-03,False,EFFECTIVE_PHENOMENOLOGICAL,STRUCTURAL_PREDICTION_ONLY,VALIDATED
eff_ctau3_g40_br0p5,3,6.5775660133333331e-14,40,-40,0.5,9.1117154238163340e-05,0.0000000000000000e+00,0.013341595,0.002255141155822941,2.2779288559540836e-02,3.0391204234952719e-04,4.2243773886584277e-02,7.1405010472072213e-03,3.0,1.4081257962194759e-02,False,EFFECTIVE_PHENOMENOLOGICAL,STRUCTURAL_PREDICTION_ONLY,VALIDATED
eff_ctau3_g40_br0p7567,3,6.5775660133333331e-14,40,-40,0.7567374858085787,9.1117154238163340e-05,0.0000000000000000e+00,0.013341595,0.002255141155822941,5.2178386205496426e-02,6.9614289650732006e-04,9.6763862614517485e-02,1.6356078038525020e-02,3.0,3.2254620871505831e-02,False,EFFECTIVE_PHENOMENOLOGICAL,STRUCTURAL_PREDICTION_ONLY,VALIDATED
eff_ctau3_g40_br1,3,6.5775660133333331e-14,40,-40,1,9.1117154238163340e-05,0.0000000000000000e+00,0.013341595,0.002255141155822941,9.1117154238163342e-02,1.2156481693981088e-03,1.6897509554633711e-01,2.8562004188828885e-02,3.0,5.6325031848779038e-02,False,EFFECTIVE_PHENOMENOLOGICAL,STRUCTURAL_PREDICTION_ONLY,VALIDATED
eff_ctau4p326_g40_br0p1,4.326221529733112,4.5611852986218501e-14,40,-40,0.1,9.1117154238163340e-05,0.0000000000000000e+00,0.01573386,0.002487741699310843,9.1117154238163365e-04,1.4336245483816690e-05,1.9927381222505200e-03,3.1507956232793526e-04,3.0,6.6424604075017337e-04,False,EFFECTIVE_PHENOMENOLOGICAL,STRUCTURAL_PREDICTION_ONLY,VALIDATED
eff_ctau4p326_g40_br0p25,4.326221529733112,4.5611852986218501e-14,40,-40,0.25,9.1117154238163340e-05,0.0000000000000000e+00,0.01573386,0.002487741699310843,5.6948221398852089e-03,8.9601534273854282e-05,1.2454613264065745e-02,1.9692472645495948e-03,3.0,4.1515377546885819e-03,False,EFFECTIVE_PHENOMENOLOGICAL,STRUCTURAL_PREDICTION_ONLY,VALIDATED
eff_ctau4p326_g40_br0p5,4.326221529733112,4.5611852986218501e-14,40,-40,0.5,9.1117154238163340e-05,0.0000000000000000e+00,0.01573386,0.002487741699310843,2.2779288559540836e-02,3.5840613709541713e-04,4.9818453056262979e-02,7.8769890581983793e-03,3.0,1.6606151018754328e-02,False,EFFECTIVE_PHENOMENOLOGICAL,STRUCTURAL_PREDICTION_ONLY,VALIDATED
eff_ctau4p326_g40_br0p7567,4.326221529733112,4.5611852986218501e-14,40,-40,0.7567374858085787,9.1117154238163340e-05,0.0000000000000000e+00,0.01573386,0.002487741699310843,5.2178386205496426e-02,8.2096742358321194e-04,1.1411447187806646e-01,1.8043082256096122e-02,3.0,3.8038157292688821e-02,False,EFFECTIVE_PHENOMENOLOGICAL,STRUCTURAL_PREDICTION_ONLY,VALIDATED
eff_ctau4p326_g40_br1,4.326221529733112,4.5611852986218501e-14,40,-40,1,9.1117154238163340e-05,0.0000000000000000e+00,0.01573386,0.002487741699310843,9.1117154238163342e-02,1.4336245483816685e-03,1.9927381222505192e-01,3.1507956232793517e-02,3.0,6.6424604075017310e-02,False,EFFECTIVE_PHENOMENOLOGICAL,STRUCTURAL_PREDICTION_ONLY,VALIDATED
eff_ctau10_g40_br0p1,10,1.9732698040000002e-14,40,-40,0.1,9.1117154238163340e-05,0.0000000000000000e+00,0.018625475,0.002716804752519248,9.1117154238163365e-04,1.6971002783340558e-05,2.3589693868843378e-03,3.4409104956167755e-04,3.0,7.8632312896144592e-04,False,EFFECTIVE_PHENOMENOLOGICAL,STRUCTURAL_PREDICTION_ONLY,VALIDATED
eff_ctau10_g40_br0p25,10,1.9732698040000002e-14,40,-40,0.25,9.1117154238163340e-05,0.0000000000000000e+00,0.018625475,0.002716804752519248,5.6948221398852089e-03,1.0606876739587845e-04,1.4743558668027104e-02,2.1505690597604836e-03,3.0,4.9145195560090348e-03,False,EFFECTIVE_PHENOMENOLOGICAL,STRUCTURAL_PREDICTION_ONLY,VALIDATED
eff_ctau10_g40_br0p5,10,1.9732698040000002e-14,40,-40,0.5,9.1117154238163340e-05,0.0000000000000000e+00,0.018625475,0.002716804752519248,2.2779288559540836e-02,4.2427506958351381e-04,5.8974234672108418e-02,8.6022762390419345e-03,3.0,1.9658078224036139e-02,False,EFFECTIVE_PHENOMENOLOGICAL,STRUCTURAL_PREDICTION_ONLY,VALIDATED
eff_ctau10_g40_br0p7567,10,1.9732698040000002e-14,40,-40,0.7567374858085787,9.1117154238163340e-05,0.0000000000000000e+00,0.018625475,0.002716804752519248,5.2178386205496426e-02,9.7184722781081846e-04,1.3508676466570377e-01,1.9704429779440966e-02,3.0,4.5028921555234587e-02,False,EFFECTIVE_PHENOMENOLOGICAL,STRUCTURAL_PREDICTION_ONLY,VALIDATED
eff_ctau10_g40_br1,10,1.9732698040000002e-14,40,-40,1,9.1117154238163340e-05,0.0000000000000000e+00,0.018625475,0.002716804752519248,9.1117154238163342e-02,1.6971002783340552e-03,2.3589693868843367e-01,3.4409104956167738e-02,3.0,7.8632312896144557e-02,False,EFFECTIVE_PHENOMENOLOGICAL,STRUCTURAL_PREDICTION_ONLY,VALIDATED
eff_ctau30_g40_br0p1,30,6.5775660133333334e-15,40,-40,0.1,9.1117154238163340e-05,0.0000000000000000e+00,0.01856252,0.002679268979709453,9.1117154238163365e-04,1.6913639978889923e-05,2.3509959570656991e-03,3.3933703716890087e-04,3.0,7.8366531902189973e-04,False,EFFECTIVE_PHENOMENOLOGICAL,STRUCTURAL_PREDICTION_ONLY,VALIDATED
eff_ctau30_g40_br0p25,30,6.5775660133333334e-15,40,-40,0.25,9.1117154238163340e-05,0.0000000000000000e+00,0.01856252,0.002679268979709453,5.6948221398852089e-03,1.0571024986806198e-04,1.4693724731660616e-02,2.1208564823056299e-03,3.0,4.8979082438868719e-03,False,EFFECTIVE_PHENOMENOLOGICAL,STRUCTURAL_PREDICTION_ONLY,VALIDATED
eff_ctau30_g40_br0p5,30,6.5775660133333334e-15,40,-40,0.5,9.1117154238163340e-05,0.0000000000000000e+00,0.01856252,0.002679268979709453,2.2779288559540836e-02,4.2284099947224792e-04,5.8774898926642463e-02,8.4834259292225194e-03,3.0,1.9591632975547488e-02,False,EFFECTIVE_PHENOMENOLOGICAL,STRUCTURAL_PREDICTION_ONLY,VALIDATED
eff_ctau30_g40_br0p7567,30,6.5775660133333334e-15,40,-40,0.7567374858085787,9.1117154238163340e-05,0.0000000000000000e+00,0.01856252,0.002679268979709453,5.2178386205496426e-02,9.6856233750725149e-04,1.3463016491350796e-01,1.9432190488464385e-02,3.0,4.4876721637835987e-02,False,EFFECTIVE_PHENOMENOLOGICAL,STRUCTURAL_PREDICTION_ONLY,VALIDATED
eff_ctau30_g40_br1,30,6.5775660133333334e-15,40,-40,1,9.1117154238163340e-05,0.0000000000000000e+00,0.01856252,0.002679268979709453,9.1117154238163342e-02,1.6913639978889917e-03,2.3509959570656985e-01,3.3933703716890078e-02,3.0,7.8366531902189951e-02,False,EFFECTIVE_PHENOMENOLOGICAL,STRUCTURAL_PREDICTION_ONLY,VALIDATED
eff_ctau100_g40_br0p1,100,1.9732698039999999e-15,40,-40,0.1,9.1117154238163340e-05,0.0000000000000000e+00,0.01425306,0.002079022475718981,9.1117154238163365e-04,1.2986982663857966e-05,1.8051905902762573e-03,2.6331411010272550e-04,3.0,6.0173019675875238e-04,False,EFFECTIVE_PHENOMENOLOGICAL,STRUCTURAL_PREDICTION_ONLY,VALIDATED
eff_ctau100_g40_br0p25,100,1.9732698039999999e-15,40,-40,0.25,9.1117154238163340e-05,0.0000000000000000e+00,0.01425306,0.002079022475718981,5.6948221398852089e-03,8.1168641649112267e-05,1.1282441189226606e-02,1.6457131881420341e-03,3.0,3.7608137297422020e-03,False,EFFECTIVE_PHENOMENOLOGICAL,STRUCTURAL_PREDICTION_ONLY,VALIDATED
eff_ctau100_g40_br0p5,100,1.9732698039999999e-15,40,-40,0.5,9.1117154238163340e-05,0.0000000000000000e+00,0.01425306,0.002079022475718981,2.2779288559540836e-02,3.2467456659644907e-04,4.5129764756906422e-02,6.5828527525681364e-03,3.0,1.5043254918968808e-02,False,EFFECTIVE_PHENOMENOLOGICAL,STRUCTURAL_PREDICTION_ONLY,VALIDATED
eff_ctau100_g40_br0p7567,100,1.9732698039999999e-15,40,-40,0.7567374858085787,9.1117154238163340e-05,0.0000000000000000e+00,0.01425306,0.002079022475718981,5.2178386205496426e-02,7.4370166929011285e-04,1.0337453203132568e-01,1.5078725235848149e-02,3.0,3.4458177343775230e-02,False,EFFECTIVE_PHENOMENOLOGICAL,STRUCTURAL_PREDICTION_ONLY,VALIDATED
eff_ctau100_g40_br1,100,1.9732698039999999e-15,40,-40,1,9.1117154238163340e-05,0.0000000000000000e+00,0.01425306,0.002079022475718981,9.1117154238163342e-02,1.2986982663857963e-03,1.8051905902762569e-01,2.6331411010272546e-02,3.0,6.0173019675875232e-02,False,EFFECTIVE_PHENOMENOLOGICAL,STRUCTURAL_PREDICTION_ONLY,VALIDATED
eff_ctau300_g40_br0p1,300,6.5775660133333338e-16,40,-40,0.1,9.1117154238163340e-05,0.0000000000000000e+00,0.006872078500000001,0.001161593276620673,9.1117154238163365e-04,6.2616423662126638e-06,8.7036828890356031e-04,1.4711909250952462e-04,3.0,2.9012276296785342e-04,False,EFFECTIVE_PHENOMENOLOGICAL,STRUCTURAL_PREDICTION_ONLY,VALIDATED
eff_ctau300_g40_br0p25,300,6.5775660133333338e-16,40,-40,0.25,9.1117154238163340e-05,0.0000000000000000e+00,0.006872078500000001,0.001161593276620673,5.6948221398852089e-03,3.9135264788829139e-05,5.4398018056472505e-03,9.1949432818452857e-04,3.0,1.8132672685490835e-03,False,EFFECTIVE_PHENOMENOLOGICAL,STRUCTURAL_PREDICTION_ONLY,VALIDATED
eff_ctau300_g40_br0p5,300,6.5775660133333338e-16,40,-40,0.5,9.1117154238163340e-05,0.0000000000000000e+00,0.006872078500000001,0.001161593276620673,2.2779288559540836e-02,1.5654105915531655e-04,2.1759207222589002e-02,3.6779773127381143e-03,3.0,7.2530690741963340e-03,False,EFFECTIVE_PHENOMENOLOGICAL,STRUCTURAL_PREDICTION_ONLY,VALIDATED
eff_ctau300_g40_br0p7567,300,6.5775660133333338e-16,40,-40,0.7567374858085787,9.1117154238163340e-05,0.0000000000000000e+00,0.006872078500000001,0.001161593276620673,5.2178386205496426e-02,3.5857396600748862e-04,4.9841781275040922e-02,8.4247987015697925e-03,3.0,1.6613927091680306e-02,False,EFFECTIVE_PHENOMENOLOGICAL,STRUCTURAL_PREDICTION_ONLY,VALIDATED
eff_ctau300_g40_br1,300,6.5775660133333338e-16,40,-40,1,9.1117154238163340e-05,0.0000000000000000e+00,0.006872078500000001,0.001161593276620673,9.1117154238163342e-02,6.2616423662126622e-04,8.7036828890356008e-02,1.4711909250952457e-02,3.0,2.9012276296785336e-02,False,EFFECTIVE_PHENOMENOLOGICAL,STRUCTURAL_PREDICTION_ONLY,VALIDATED
eff_ctau0p3_g63p591_br0p1,0.3,6.5775660133333333e-13,63.59142520075966,-63.59142520075966,0.1,2.3029116756800001e-04,0.0000000000000000e+00,0,0.0005,2.3029116756800006e-03,0.0000000000000000e+00,0.0000000000000000e+00,1.6005236145976004e-04,3.0,0.0000000000000000e+00,False,EFFECTIVE_PHENOMENOLOGICAL,STRUCTURAL_PREDICTION_ONLY,LOW_MC_STATISTICS
eff_ctau0p3_g63p591_br0p25,0.3,6.5775660133333333e-13,63.59142520075966,-63.59142520075966,0.25,2.3029116756800001e-04,0.0000000000000000e+00,0,0.0005,1.4393197973000000e-02,0.0000000000000000e+00,0.0000000000000000e+00,1.0003272591235001e-03,3.0,0.0000000000000000e+00,False,EFFECTIVE_PHENOMENOLOGICAL,STRUCTURAL_PREDICTION_ONLY,LOW_MC_STATISTICS
eff_ctau0p3_g63p591_br0p5,0.3,6.5775660133333333e-13,63.59142520075966,-63.59142520075966,0.5,2.3029116756800001e-04,0.0000000000000000e+00,0,0.0005,5.7572791892000000e-02,0.0000000000000000e+00,0.0000000000000000e+00,4.0013090364940003e-03,3.0,0.0000000000000000e+00,False,EFFECTIVE_PHENOMENOLOGICAL,STRUCTURAL_PREDICTION_ONLY,LOW_MC_STATISTICS
eff_ctau0p3_g63p591_br0p7567,0.3,6.5775660133333333e-13,63.59142520075966,-63.59142520075966,0.7567374858085787,2.3029116756800001e-04,0.0000000000000000e+00,0,0.0005,1.3187661073862800e-01,0.0000000000000000e+00,0.0000000000000000e+00,9.1654244463346465e-03,3.0,0.0000000000000000e+00,False,EFFECTIVE_PHENOMENOLOGICAL,STRUCTURAL_PREDICTION_ONLY,LOW_MC_STATISTICS
eff_ctau0p3_g63p591_br1,0.3,6.5775660133333333e-13,63.59142520075966,-63.59142520075966,1,2.3029116756800001e-04,0.0000000000000000e+00,0,0.0005,2.3029116756800000e-01,0.0000000000000000e+00,0.0000000000000000e+00,1.6005236145976001e-02,3.0,0.0000000000000000e+00,False,EFFECTIVE_PHENOMENOLOGICAL,STRUCTURAL_PREDICTION_ONLY,LOW_MC_STATISTICS
eff_ctau1_g63p591_br0p1,1,1.9732698040000000e-13,63.59142520075966,-63.59142520075966,0.1,2.3029116756800001e-04,0.0000000000000000e+00,0.003951574,0.00124959741827022,2.3029116756800006e-03,9.1001259019135227e-06,1.2649175003659797e-03,4.0000203533633639e-04,3.0,4.2163916678865989e-04,False,EFFECTIVE_PHENOMENOLOGICAL,STRUCTURAL_PREDICTION_ONLY,VALIDATED
eff_ctau1_g63p591_br0p25,1,1.9732698040000000e-13,63.59142520075966,-63.59142520075966,0.25,2.3029116756800001e-04,0.0000000000000000e+00,0.003951574,0.00124959741827022,1.4393197973000000e-02,5.6875786886959502e-05,7.9057343772873708e-03,2.5000127208521018e-03,3.0,2.6352447924291237e-03,False,EFFECTIVE_PHENOMENOLOGICAL,STRUCTURAL_PREDICTION_ONLY,VALIDATED
eff_ctau1_g63p591_br0p5,1,1.9732698040000000e-13,63.59142520075966,-63.59142520075966,0.5,2.3029116756800001e-04,0.0000000000000000e+00,0.003951574,0.00124959741827022,5.7572791892000000e-02,2.2750314754783801e-04,3.1622937509149483e-02,1.0000050883408407e-02,3.0,1.0540979169716495e-02,False,EFFECTIVE_PHENOMENOLOGICAL,STRUCTURAL_PREDICTION_ONLY,VALIDATED
eff_ctau1_g63p591_br0p7567,1,1.9732698040000000e-13,63.59142520075966,-63.59142520075966,0.7567374858085787,2.3029116756800001e-04,0.0000000000000000e+00,0.003951574,0.00124959741827022,1.3187661073862800e-01,5.2112018620288322e-04,7.2435705882200774e-02,2.2906181450981070e-02,3.0,2.4145235294066925e-02,False,EFFECTIVE_PHENOMENOLOGICAL,STRUCTURAL_PREDICTION_ONLY,VALIDATED
eff_ctau1_g63p591_br1,1,1.9732698040000000e-13,63.59142520075966,-63.59142520075966,1,2.3029116756800001e-04,0.0000000000000000e+00,0.003951574,0.00124959741827022,2.3029116756800000e-01,9.1001259019135204e-04,1.2649175003659793e-01,4.0000203533633628e-02,3.0,4.2163916678865980e-02,False,EFFECTIVE_PHENOMENOLOGICAL,STRUCTURAL_PREDICTION_ONLY,VALIDATED
eff_ctau3_g63p591_br0p1,3,6.5775660133333331e-14,63.59142520075966,-63.59142520075966,0.1,2.3029116756800001e-04,0.0000000000000000e+00,0.013341595,0.002255141155822941,2.3029116756800006e-03,3.0724514897693919e-05,4.2707075707794544e-03,7.2188133482910873e-04,3.0,1.4235691902598181e-03,False,EFFECTIVE_PHENOMENOLOGICAL,STRUCTURAL_PREDICTION_ONLY,VALIDATED
eff_ctau3_g63p591_br0p25,3,6.5775660133333331e-14,63.59142520075966,-63.59142520075966,0.25,2.3029116756800001e-04,0.0000000000000000e+00,0.013341595,0.002255141155822941,1.4393197973000000e-02,1.9202821811058692e-04,2.6691922317371584e-02,4.5117583426819282e-03,3.0,8.8973074391238607e-03,False,EFFECTIVE_PHENOMENOLOGICAL,STRUCTURAL_PREDICTION_ONLY,VALIDATED
eff_ctau3_g63p591_br0p5,3,6.5775660133333331e-14,63.59142520075966,-63.59142520075966,0.5,2.3029116756800001e-04,0.0000000000000000e+00,0.013341595,0.002255141155822941,5.7572791892000000e-02,7.6811287244234769e-04,1.0676768926948633e-01,1.8047033370727713e-02,3.0,3.5589229756495443e-02,False,EFFECTIVE_PHENOMENOLOGICAL,STRUCTURAL_PREDICTION_ONLY,VALIDATED
eff_ctau3_g63p591_br0p7567,3,6.5775660133333331e-14,63.59142520075966,-63.59142520075966,0.7567374858085787,2.3029116756800001e-04,0.0000000000000000e+00,0.013341595,0.002255141155822941,1.3187661073862800e-01,1.7594443304474255e-03,2.4456276193219215e-01,4.1338651759029899e-02,3.0,8.1520920644064049e-02,False,EFFECTIVE_PHENOMENOLOGICAL,STRUCTURAL_PREDICTION_ONLY,VALIDATED
eff_ctau3_g63p591_br1,3,6.5775660133333331e-14,63.59142520075966,-63.59142520075966,1,2.3029116756800001e-04,0.0000000000000000e+00,0.013341595,0.002255141155822941,2.3029116756800000e-01,3.0724514897693908e-03,4.2707075707794534e-01,7.2188133482910852e-02,3.0,1.4235691902598177e-01,False,EFFECTIVE_PHENOMENOLOGICAL,STRUCTURAL_PREDICTION_ONLY,VALIDATED
eff_ctau4p326_g63p591_br0p1,4.326221529733112,4.5611852986218501e-14,63.59142520075966,-63.59142520075966,0.1,2.3029116756800001e-04,0.0000000000000000e+00,0.01573386,0.002487741699310843,2.3029116756800006e-03,3.6233689897514534e-05,5.0364828957545201e-03,7.9633786735323355e-04,3.0,1.6788276319181733e-03,False,EFFECTIVE_PHENOMENOLOGICAL,STRUCTURAL_PREDICTION_ONLY,VALIDATED
eff_ctau4p326_g63p591_br0p25,4.326221529733112,4.5611852986218501e-14,63.59142520075966,-63.59142520075966,0.25,2.3029116756800001e-04,0.0000000000000000e+00,0.01573386,0.002487741699310843,1.4393197973000000e-02,2.2646056185946577e-04,3.1478018098465739e-02,4.9771116709577080e-03,3.0,1.0492672699488580e-02,False,EFFECTIVE_PHENOMENOLOGICAL,STRUCTURAL_PREDICTION_ONLY,VALIDATED
eff_ctau4p326_g63p591_br0p5,4.326221529733112,4.5611852986218501e-14,63.59142520075966,-63.59142520075966,0.5,2.3029116756800001e-04,0.0000000000000000e+00,0.01573386,0.002487741699310843,5.7572791892000000e-02,9.0584224743786308e-04,1.2591207239386296e-01,1.9908446683830832e-02,3.0,4.1970690797954319e-02,False,EFFECTIVE_PHENOMENOLOGICAL,STRUCTURAL_PREDICTION_ONLY,VALIDATED
eff_ctau4p326_g63p591_br0p7567,4.326221529733112,4.5611852986218501e-14,63.59142520075966,-63.59142520075966,0.7567374858085787,2.3029116756800001e-04,0.0000000000000000e+00,0.01573386,0.002487741699310843,1.3187661073862800e-01,2.0749281306360694e-03,2.8841501015841364e-01,4.5602417174059391e-02,3.0,9.6138336719471210e-02,False,EFFECTIVE_PHENOMENOLOGICAL,STRUCTURAL_PREDICTION_ONLY,VALIDATED
eff_ctau4p326_g63p591_br1,4.326221529733112,4.5611852986218501e-14,63.59142520075966,-63.59142520075966,1,2.3029116756800001e-04,0.0000000000000000e+00,0.01573386,0.002487741699310843,2.3029116756800000e-01,3.6233689897514523e-03,5.0364828957545182e-01,7.9633786735323328e-02,3.0,1.6788276319181727e-01,False,EFFECTIVE_PHENOMENOLOGICAL,STRUCTURAL_PREDICTION_ONLY,VALIDATED
eff_ctau10_g63p591_br0p1,10,1.9732698040000002e-14,63.59142520075966,-63.59142520075966,0.1,2.3029116756800001e-04,0.0000000000000000e+00,0.018625475,0.002716804752519248,2.3029116756800006e-03,4.2892823842585956e-05,5.9621025141194479e-03,8.6966203253160924e-04,3.0,1.9873675047064826e-03,False,EFFECTIVE_PHENOMENOLOGICAL,STRUCTURAL_PREDICTION_ONLY,VALIDATED
eff_ctau10_g63p591_br0p25,10,1.9732698040000002e-14,63.59142520075966,-63.59142520075966,0.25,2.3029116756800001e-04,0.0000000000000000e+00,0.018625475,0.002716804752519248,1.4393197973000000e-02,2.6808014901616217e-04,3.7263140713246538e-02,5.4353877033225563e-03,3.0,1.2421046904415513e-02,False,EFFECTIVE_PHENOMENOLOGICAL,STRUCTURAL_PREDICTION_ONLY,VALIDATED
eff_ctau10_g63p591_br0p5,10,1.9732698040000002e-14,63.59142520075966,-63.59142520075966,0.5,2.3029116756800001e-04,0.0000000000000000e+00,0.018625475,0.002716804752519248,5.7572791892000000e-02,1.0723205960646487e-03,1.4905256285298615e-01,2.1741550813290225e-02,3.0,4.9684187617662051e-02,False,EFFECTIVE_PHENOMENOLOGICAL,STRUCTURAL_PREDICTION_ONLY,VALIDATED
eff_ctau10_g63p591_br0p7567,10,1.9732698040000002e-14,63.59142520075966,-63.59142520075966,0.7567374858085787,2.3029116756800001e-04,0.0000000000000000e+00,0.018625475,0.002716804752519248,1.3187661073862800e-01,2.4562645163970472e-03,3.4142076777918956e-01,4.9801337389316129e-02,3.0,1.1380692259306319e-01,False,EFFECTIVE_PHENOMENOLOGICAL,STRUCTURAL_PREDICTION_ONLY,VALIDATED
eff_ctau10_g63p591_br1,10,1.9732698040000002e-14,63.59142520075966,-63.59142520075966,1,2.3029116756800001e-04,0.0000000000000000e+00,0.018625475,0.002716804752519248,2.3029116756800000e-01,4.2892823842585947e-03,5.9621025141194461e-01,8.6966203253160901e-02,3.0,1.9873675047064820e-01,False,EFFECTIVE_PHENOMENOLOGICAL,STRUCTURAL_PREDICTION_ONLY,VALIDATED
eff_ctau30_g63p591_br0p1,30,6.5775660133333334e-15,63.59142520075966,-63.59142520075966,0.1,2.3029116756800001e-04,0.0000000000000000e+00,0.01856252,0.002679268979709453,2.3029116756800006e-03,4.2747844038043520e-05,5.9419503212880496e-03,8.5764665437675980e-04,3.0,1.9806501070960165e-03,False,EFFECTIVE_PHENOMENOLOGICAL,STRUCTURAL_PREDICTION_ONLY,VALIDATED
eff_ctau30_g63p591_br0p25,30,6.5775660133333334e-15,63.59142520075966,-63.59142520075966,0.25,2.3029116756800001e-04,0.0000000000000000e+00,0.01856252,0.002679268979709453,1.4393197973000000e-02,2.6717402523777196e-04,3.7137189508050304e-02,5.3602915898547480e-03,3.0,1.2379063169350101e-02,False,EFFECTIVE_PHENOMENOLOGICAL,STRUCTURAL_PREDICTION_ONLY,VALIDATED
eff_ctau30_g63p591_br0p5,30,6.5775660133333334e-15,63.59142520075966,-63.59142520075966,0.5,2.3029116756800001e-04,0.0000000000000000e+00,0.01856252,0.002679268979709453,5.7572791892000000e-02,1.0686961009510878e-03,1.4854875803220122e-01,2.1441166359418992e-02,3.0,4.9516252677400403e-02,False,EFFECTIVE_PHENOMENOLOGICAL,STRUCTURAL_PREDICTION_ONLY,VALIDATED
eff_ctau30_g63p591_br0p7567,30,6.5775660133333334e-15,63.59142520075966,-63.59142520075966,0.7567374858085787,2.3029116756800001e-04,0.0000000000000000e+00,0.01856252,0.002679268979709453,1.3187661073862800e-01,2.4479622243679970e-03,3.4026674918715161e-01,4.9113274809870218e-02,3.0,1.1342224972905053e-01,False,EFFECTIVE_PHENOMENOLOGICAL,STRUCTURAL_PREDICTION_ONLY,VALIDATED
eff_ctau30_g63p591_br1,30,6.5775660133333334e-15,63.59142520075966,-63.59142520075966,1,2.3029116756800001e-04,0.0000000000000000e+00,0.01856252,0.002679268979709453,2.3029116756800000e-01,4.2747844038043513e-03,5.9419503212880487e-01,8.5764665437675969e-02,3.0,1.9806501070960161e-01,False,EFFECTIVE_PHENOMENOLOGICAL,STRUCTURAL_PREDICTION_ONLY,VALIDATED
eff_ctau100_g63p591_br0p1,100,1.9732698039999999e-15,63.59142520075966,-63.59142520075966,0.1,2.3029116756800001e-04,0.0000000000000000e+00,0.01425306,0.002079022475718981,2.3029116756800006e-03,3.2823538288167587e-05,4.5624718220552947e-03,6.6550491353347904e-04,3.0,1.5208239406850983e-03,False,EFFECTIVE_PHENOMENOLOGICAL,STRUCTURAL_PREDICTION_ONLY,VALIDATED
eff_ctau100_g63p591_br0p25,100,1.9732698039999999e-15,63.59142520075966,-63.59142520075966,0.25,2.3029116756800001e-04,0.0000000000000000e+00,0.01425306,0.002079022475718981,1.4393197973000000e-02,2.0514711430104737e-04,2.8515448887845584e-02,4.1594057095842426e-03,3.0,9.5051496292818619e-03,False,EFFECTIVE_PHENOMENOLOGICAL,STRUCTURAL_PREDICTION_ONLY,VALIDATED
eff_ctau100_g63p591_br0p5,100,1.9732698039999999e-15,63.59142520075966,-63.59142520075966,0.5,2.3029116756800001e-04,0.0000000000000000e+00,0.01425306,0.002079022475718981,5.7572791892000000e-02,8.2058845720418946e-04,1.1406179555138234e-01,1.6637622838336971e-02,3.0,3.8020598517127448e-02,False,EFFECTIVE_PHENOMENOLOGICAL,STRUCTURAL_PREDICTION_ONLY,VALIDATED
eff_ctau100_g63p591_br0p7567,100,1.9732698039999999e-15,63.59142520075966,-63.59142520075966,0.7567374858085787,2.3029116756800001e-04,0.0000000000000000e+00,0.01425306,0.002079022475718981,1.3187661073862800e-01,1.8796452454543091e-03,2.6127068911814899e-01,3.8110246846867854e-02,3.0,8.7090229706049668e-02,False,EFFECTIVE_PHENOMENOLOGICAL,STRUCTURAL_PREDICTION_ONLY,VALIDATED
eff_ctau100_g63p591_br1,100,1.9732698039999999e-15,63.59142520075966,-63.59142520075966,1,2.3029116756800001e-04,0.0000000000000000e+00,0.01425306,0.002079022475718981,2.3029116756800000e-01,3.2823538288167579e-03,4.5624718220552934e-01,6.6550491353347882e-02,3.0,1.5208239406850979e-01,False,EFFECTIVE_PHENOMENOLOGICAL,STRUCTURAL_PREDICTION_ONLY,VALIDATED
eff_ctau300_g63p591_br0p1,300,6.5775660133333338e-16,63.59142520075966,-63.59142520075966,0.1,2.3029116756800001e-04,0.0000000000000000e+00,0.006872078500000001,0.001161593276620673,2.3029116756800006e-03,1.5825789813839508e-05,2.1997847841236915e-03,3.7183149395783800e-04,3.0,7.3326159470789721e-04,False,EFFECTIVE_PHENOMENOLOGICAL,STRUCTURAL_PREDICTION_ONLY,VALIDATED
eff_ctau300_g63p591_br0p25,300,6.5775660133333338e-16,63.59142520075966,-63.59142520075966,0.25,2.3029116756800001e-04,0.0000000000000000e+00,0.006872078500000001,0.001161593276620673,1.4393197973000000e-02,9.8911186336496894e-05,1.3748654900773068e-02,2.3239468372364866e-03,3.0,4.5828849669243563e-03,False,EFFECTIVE_PHENOMENOLOGICAL,STRUCTURAL_PREDICTION_ONLY,VALIDATED
eff_ctau300_g63p591_br0p5,300,6.5775660133333338e-16,63.59142520075966,-63.59142520075966,0.5,2.3029116756800001e-04,0.0000000000000000e+00,0.006872078500000001,0.001161593276620673,5.7572791892000000e-02,3.9564474534598757e-04,5.4994619603092272e-02,9.2957873489459466e-03,3.0,1.8331539867697425e-02,False,EFFECTIVE_PHENOMENOLOGICAL,STRUCTURAL_PREDICTION_ONLY,VALIDATED
eff_ctau300_g63p591_br0p7567,300,6.5775660133333338e-16,63.59142520075966,-63.59142520075966,0.7567374858085787,2.3029116756800001e-04,0.0000000000000000e+00,0.006872078500000001,0.001161593276620673,1.3187661073862800e-01,9.0626642130979464e-04,1.2597103256206146e-01,2.1292990828474159e-02,3.0,4.1990344187353819e-02,False,EFFECTIVE_PHENOMENOLOGICAL,STRUCTURAL_PREDICTION_ONLY,VALIDATED
eff_ctau300_g63p591_br1,300,6.5775660133333338e-16,63.59142520075966,-63.59142520075966,1,2.3029116756800001e-04,0.0000000000000000e+00,0.006872078500000001,0.001161593276620673,2.3029116756800000e-01,1.5825789813839503e-03,2.1997847841236909e-01,3.7183149395783786e-02,3.0,7.3326159470789701e-02,False,EFFECTIVE_PHENOMENOLOGICAL,STRUCTURAL_PREDICTION_ONLY,VALIDATED
eff_ctau0p3_g100_br0p1,0.3,6.5775660133333333e-13,100,-100,0.1,5.6948221398852097e-04,0.0000000000000000e+00,0,0.0005,5.6948221398852106e-03,0.0000000000000000e+00,0.0000000000000000e+00,3.9579013872202213e-04,3.0,0.0000000000000000e+00,False,EFFECTIVE_PHENOMENOLOGICAL,STRUCTURAL_PREDICTION_ONLY,LOW_MC_STATISTICS
eff_ctau0p3_g100_br0p25,0.3,6.5775660133333333e-13,100,-100,0.25,5.6948221398852097e-04,0.0000000000000000e+00,0,0.0005,3.5592638374282559e-02,0.0000000000000000e+00,0.0000000000000000e+00,2.4736883670126377e-03,3.0,0.0000000000000000e+00,False,EFFECTIVE_PHENOMENOLOGICAL,STRUCTURAL_PREDICTION_ONLY,LOW_MC_STATISTICS
eff_ctau0p3_g100_br0p5,0.3,6.5775660133333333e-13,100,-100,0.5,5.6948221398852097e-04,0.0000000000000000e+00,0,0.0005,1.4237055349713024e-01,0.0000000000000000e+00,0.0000000000000000e+00,9.8947534680505506e-03,3.0,0.0000000000000000e+00,False,EFFECTIVE_PHENOMENOLOGICAL,STRUCTURAL_PREDICTION_ONLY,LOW_MC_STATISTICS
eff_ctau0p3_g100_br0p7567,0.3,6.5775660133333333e-13,100,-100,0.7567374858085787,5.6948221398852097e-04,0.0000000000000000e+00,0,0.0005,3.2611491378435270e-01,0.0000000000000000e+00,0.0000000000000000e+00,2.2664986508012512e-02,3.0,0.0000000000000000e+00,False,EFFECTIVE_PHENOMENOLOGICAL,STRUCTURAL_PREDICTION_ONLY,LOW_MC_STATISTICS
eff_ctau0p3_g100_br1,0.3,6.5775660133333333e-13,100,-100,1,5.6948221398852097e-04,0.0000000000000000e+00,0,0.0005,5.6948221398852095e-01,0.0000000000000000e+00,0.0000000000000000e+00,3.9579013872202203e-02,3.0,0.0000000000000000e+00,False,EFFECTIVE_PHENOMENOLOGICAL,STRUCTURAL_PREDICTION_ONLY,LOW_MC_STATISTICS
eff_ctau1_g100_br0p1,1,1.9732698040000000e-13,100,-100,0.1,5.6948221398852097e-04,0.0000000000000000e+00,0.003951574,0.00124959741827022,5.6948221398852106e-03,2.2503511102594764e-05,3.1279880432606723e-03,9.8915667104770236e-04,3.0,1.0426626810868909e-03,False,EFFECTIVE_PHENOMENOLOGICAL,STRUCTURAL_PREDICTION_ONLY,VALIDATED
eff_ctau1_g100_br0p25,1,1.9732698040000000e-13,100,-100,0.25,5.6948221398852097e-04,0.0000000000000000e+00,0.003951574,0.00124959741827022,3.5592638374282559e-02,1.4064694439121724e-04,1.9549925270379197e-02,6.1822291940481378e-03,3.0,6.5166417567930658e-03,False,EFFECTIVE_PHENOMENOLOGICAL,STRUCTURAL_PREDICTION_ONLY,VALIDATED
eff_ctau1_g100_br0p5,1,1.9732698040000000e-13,100,-100,0.5,5.6948221398852097e-04,0.0000000000000000e+00,0.003951574,0.00124959741827022,1.4237055349713024e-01,5.6258777756486896e-04,7.8199701081516790e-02,2.4728916776192551e-02,3.0,2.6066567027172263e-02,False,EFFECTIVE_PHENOMENOLOGICAL,STRUCTURAL_PREDICTION_ONLY,VALIDATED
eff_ctau1_g100_br0p7567,1,1.9732698040000000e-13,100,-100,0.7567374858085787,5.6948221398852097e-04,0.0000000000000000e+00,0.003951574,0.00124959741827022,3.2611491378435270e-01,1.2886672143224897e-03,1.7912474279082607e-01,5.6644217251083609e-02,3.0,5.9708247596942023e-02,False,EFFECTIVE_PHENOMENOLOGICAL,STRUCTURAL_PREDICTION_ONLY,VALIDATED
eff_ctau1_g100_br1,1,1.9732698040000000e-13,100,-100,1,5.6948221398852097e-04,0.0000000000000000e+00,0.003951574,0.00124959741827022,5.6948221398852095e-01,2.2503511102594759e-03,3.1279880432606716e-01,9.8915667104770205e-02,3.0,1.0426626810868905e-01,False,EFFECTIVE_PHENOMENOLOGICAL,STRUCTURAL_PREDICTION_ONLY,VALIDATED
eff_ctau3_g100_br0p1,3,6.5775660133333331e-14,100,-100,0.1,5.6948221398852097e-04,0.0000000000000000e+00,0.013341595,0.002255141155822941,5.6948221398852106e-03,7.5978010587381825e-05,1.0560943471646074e-02,1.7851252618018062e-03,3.0,3.5203144905486916e-03,False,EFFECTIVE_PHENOMENOLOGICAL,STRUCTURAL_PREDICTION_ONLY,VALIDATED
eff_ctau3_g100_br0p25,3,6.5775660133333331e-14,100,-100,0.25,5.6948221398852097e-04,0.0000000000000000e+00,0.013341595,0.002255141155822941,3.5592638374282559e-02,4.7486256617113628e-04,6.6005896697787947e-02,1.1157032886261286e-02,3.0,2.2001965565929316e-02,False,EFFECTIVE_PHENOMENOLOGICAL,STRUCTURAL_PREDICTION_ONLY,VALIDATED
eff_ctau3_g100_br0p5,3,6.5775660133333331e-14,100,-100,0.5,5.6948221398852097e-04,0.0000000000000000e+00,0.013341595,0.002255141155822941,1.4237055349713024e-01,1.8994502646845451e-03,2.6402358679115179e-01,4.4628131545045142e-02,3.0,8.8007862263717263e-02,False,EFFECTIVE_PHENOMENOLOGICAL,STRUCTURAL_PREDICTION_ONLY,VALIDATED
eff_ctau3_g100_br0p7567,3,6.5775660133333331e-14,100,-100,0.7567374858085787,5.6948221398852097e-04,0.0000000000000000e+00,0.013341595,0.002255141155822941,3.2611491378435270e-01,4.3508931031707512e-03,6.0477414134073437e-01,1.0222548774078138e-01,3.0,2.0159138044691147e-01,False,EFFECTIVE_PHENOMENOLOGICAL,STRUCTURAL_PREDICTION_ONLY,VALIDATED
eff_ctau3_g100_br1,3,6.5775660133333331e-14,100,-100,1,5.6948221398852097e-04,0.0000000000000000e+00,0.013341595,0.002255141155822941,5.6948221398852095e-01,7.5978010587381805e-03,1.0560943471646072e+00,1.7851252618018057e-01,3.0,3.5203144905486905e-01,False,EFFECTIVE_PHENOMENOLOGICAL,STRUCTURAL_PREDICTION_ONLY,VALIDATED
eff_ctau4p326_g100_br0p1,4.326221529733112,4.5611852986218501e-14,100,-100,0.1,5.6948221398852097e-04,0.0000000000000000e+00,0.01573386,0.002487741699310843,5.6948221398852106e-03,8.9601534273854309e-05,1.2454613264065748e-02,1.9692472645495953e-03,3.0,4.1515377546885827e-03,False,EFFECTIVE_PHENOMENOLOGICAL,STRUCTURAL_PREDICTION_ONLY,VALIDATED
eff_ctau4p326_g100_br0p25,4.326221529733112,4.5611852986218501e-14,100,-100,0.25,5.6948221398852097e-04,0.0000000000000000e+00,0.01573386,0.002487741699310843,3.5592638374282559e-02,5.6000958921158933e-04,7.7841332900410912e-02,1.2307795403434968e-02,3.0,2.5947110966803636e-02,False,EFFECTIVE_PHENOMENOLOGICAL,STRUCTURAL_PREDICTION_ONLY,VALIDATED
eff_ctau4p326_g100_br0p5,4.326221529733112,4.5611852986218501e-14,100,-100,0.5,5.6948221398852097e-04,0.0000000000000000e+00,0.01573386,0.002487741699310843,1.4237055349713024e-01,2.2400383568463573e-03,3.1136533160164365e-01,4.9231181613739870e-02,3.0,1.0378844386721454e-01,False,EFFECTIVE_PHENOMENOLOGICAL,STRUCTURAL_PREDICTION_ONLY,VALIDATED
eff_ctau4p326_g100_br0p7567,4.326221529733112,4.5611852986218501e-14,100,-100,0.7567374858085787,5.6948221398852097e-04,0.0000000000000000e+00,0.01573386,0.002487741699310843,3.2611491378435270e-01,5.1310463973950754e-03,7.1321544923791547e-01,1.1276926410060077e-01,3.0,2.3773848307930515e-01,False,EFFECTIVE_PHENOMENOLOGICAL,STRUCTURAL_PREDICTION_ONLY,VALIDATED
eff_ctau4p326_g100_br1,4.326221529733112,4.5611852986218501e-14,100,-100,1,5.6948221398852097e-04,0.0000000000000000e+00,0.01573386,0.002487741699310843,5.6948221398852095e-01,8.9601534273854293e-03,1.2454613264065746e+00,1.9692472645495948e-01,3.0,4.1515377546885818e-01,False,EFFECTIVE_PHENOMENOLOGICAL,STRUCTURAL_PREDICTION_ONLY,VALIDATED
eff_ctau10_g100_br0p1,10,1.9732698040000002e-14,100,-100,0.1,5.6948221398852097e-04,0.0000000000000000e+00,0.018625475,0.002716804752519248,5.6948221398852106e-03,1.0606876739587849e-04,1.4743558668027110e-02,2.1505690597604845e-03,3.0,4.9145195560090366e-03,False,EFFECTIVE_PHENOMENOLOGICAL,STRUCTURAL_PREDICTION_ONLY,VALIDATED
eff_ctau10_g100_br0p25,10,1.9732698040000002e-14,100,-100,0.25,5.6948221398852097e-04,0.0000000000000000e+00,0.018625475,0.002716804752519248,3.5592638374282559e-02,6.6292979622424044e-04,9.2147241675169425e-02,1.3441056623503025e-02,3.0,3.0715747225056475e-02,False,EFFECTIVE_PHENOMENOLOGICAL,STRUCTURAL_PREDICTION_ONLY,VALIDATED
eff_ctau10_g100_br0p5,10,1.9732698040000002e-14,100,-100,0.5,5.6948221398852097e-04,0.0000000000000000e+00,0.018625475,0.002716804752519248,1.4237055349713024e-01,2.6517191848969618e-03,3.6858896670067770e-01,5.3764226494012100e-02,3.0,1.2286298890022590e-01,False,EFFECTIVE_PHENOMENOLOGICAL,STRUCTURAL_PREDICTION_ONLY,VALIDATED
eff_ctau10_g100_br0p7567,10,1.9732698040000002e-14,100,-100,0.7567374858085787,5.6948221398852097e-04,0.0000000000000000e+00,0.018625475,0.002716804752519248,3.2611491378435270e-01,6.0740451738176167e-03,8.4429227916064875e-01,1.2315268612150607e-01,3.0,2.8143075972021625e-01,False,EFFECTIVE_PHENOMENOLOGICAL,STRUCTURAL_PREDICTION_ONLY,VALIDATED
eff_ctau10_g100_br1,10,1.9732698040000002e-14,100,-100,1,5.6948221398852097e-04,0.0000000000000000e+00,0.018625475,0.002716804752519248,5.6948221398852095e-01,1.0606876739587847e-02,1.4743558668027108e+00,2.1505690597604840e-01,3.0,4.9145195560090360e-01,False,EFFECTIVE_PHENOMENOLOGICAL,STRUCTURAL_PREDICTION_ONLY,VALIDATED
eff_ctau30_g100_br0p1,30,6.5775660133333334e-15,100,-100,0.1,5.6948221398852097e-04,0.0000000000000000e+00,0.01856252,0.002679268979709453,5.6948221398852106e-03,1.0571024986806201e-04,1.4693724731660619e-02,2.1208564823056303e-03,3.0,4.8979082438868728e-03,False,EFFECTIVE_PHENOMENOLOGICAL,STRUCTURAL_PREDICTION_ONLY,VALIDATED
eff_ctau30_g100_br0p25,30,6.5775660133333334e-15,100,-100,0.25,5.6948221398852097e-04,0.0000000000000000e+00,0.01856252,0.002679268979709453,3.5592638374282559e-02,6.6068906167538746e-04,9.1835779572878862e-02,1.3255353014410188e-02,3.0,3.0611926524292954e-02,False,EFFECTIVE_PHENOMENOLOGICAL,STRUCTURAL_PREDICTION_ONLY,VALIDATED
eff_ctau30_g100_br0p5,30,6.5775660133333334e-15,100,-100,0.5,5.6948221398852097e-04,0.0000000000000000e+00,0.01856252,0.002679268979709453,1.4237055349713024e-01,2.6427562467015498e-03,3.6734311829151545e-01,5.3021412057640750e-02,3.0,1.2244770609717182e-01,False,EFFECTIVE_PHENOMENOLOGICAL,STRUCTURAL_PREDICTION_ONLY,VALIDATED
eff_ctau30_g100_br0p7567,30,6.5775660133333334e-15,100,-100,0.7567374858085787,5.6948221398852097e-04,0.0000000000000000e+00,0.01856252,0.002679268979709453,3.2611491378435270e-01,6.0535146094203227e-03,8.4143853070942487e-01,1.2145119055290242e-01,3.0,2.8047951023647494e-01,False,EFFECTIVE_PHENOMENOLOGICAL,STRUCTURAL_PREDICTION_ONLY,VALIDATED
eff_ctau30_g100_br1,30,6.5775660133333334e-15,100,-100,1,5.6948221398852097e-04,0.0000000000000000e+00,0.01856252,0.002679268979709453,5.6948221398852095e-01,1.0571024986806199e-02,1.4693724731660618e+00,2.1208564823056300e-01,3.0,4.8979082438868726e-01,False,EFFECTIVE_PHENOMENOLOGICAL,STRUCTURAL_PREDICTION_ONLY,VALIDATED
eff_ctau100_g100_br0p1,100,1.9732698039999999e-15,100,-100,0.1,5.6948221398852097e-04,0.0000000000000000e+00,0.01425306,0.002079022475718981,5.6948221398852106e-03,8.1168641649112294e-05,1.1282441189226609e-02,1.6457131881420348e-03,3.0,3.7608137297422029e-03,False,EFFECTIVE_PHENOMENOLOGICAL,STRUCTURAL_PREDICTION_ONLY,VALIDATED
eff_ctau100_g100_br0p25,100,1.9732698039999999e-15,100,-100,0.25,5.6948221398852097e-04,0.0000000000000000e+00,0.01425306,0.002079022475718981,3.5592638374282559e-02,5.0730401030695178e-04,7.0515257432666303e-02,1.0285707425887716e-02,3.0,2.3505085810888768e-02,False,EFFECTIVE_PHENOMENOLOGICAL,STRUCTURAL_PREDICTION_ONLY,VALIDATED
eff_ctau100_g100_br0p5,100,1.9732698039999999e-15,100,-100,0.5,5.6948221398852097e-04,0.0000000000000000e+00,0.01425306,0.002079022475718981,1.4237055349713024e-01,2.0292160412278071e-03,2.8206102973066521e-01,4.1142829703550862e-02,3.0,9.4020343243555071e-02,False,EFFECTIVE_PHENOMENOLOGICAL,STRUCTURAL_PREDICTION_ONLY,VALIDATED
eff_ctau100_g100_br0p7567,100,1.9732698039999999e-15,100,-100,0.7567374858085787,5.6948221398852097e-04,0.0000000000000000e+00,0.01425306,0.002079022475718981,3.2611491378435270e-01,4.6481354330632062e-03,6.4609082519578565e-01,9.4242032724050948e-02,3.0,2.1536360839859522e-01,False,EFFECTIVE_PHENOMENOLOGICAL,STRUCTURAL_PREDICTION_ONLY,VALIDATED
eff_ctau100_g100_br1,100,1.9732698039999999e-15,100,-100,1,5.6948221398852097e-04,0.0000000000000000e+00,0.01425306,0.002079022475718981,5.6948221398852095e-01,8.1168641649112284e-03,1.1282441189226609e+00,1.6457131881420345e-01,3.0,3.7608137297422028e-01,False,EFFECTIVE_PHENOMENOLOGICAL,STRUCTURAL_PREDICTION_ONLY,VALIDATED
eff_ctau300_g100_br0p1,300,6.5775660133333338e-16,100,-100,0.1,5.6948221398852097e-04,0.0000000000000000e+00,0.006872078500000001,0.001161593276620673,5.6948221398852106e-03,3.9135264788829152e-05,5.4398018056472522e-03,9.1949432818452879e-04,3.0,1.8132672685490841e-03,False,EFFECTIVE_PHENOMENOLOGICAL,STRUCTURAL_PREDICTION_ONLY,VALIDATED
eff_ctau300_g100_br0p25,300,6.5775660133333338e-16,100,-100,0.25,5.6948221398852097e-04,0.0000000000000000e+00,0.006872078500000001,0.001161593276620673,3.5592638374282559e-02,2.4459540493018217e-04,3.3998761285295324e-02,5.7468395511533045e-03,3.0,1.1332920428431774e-02,False,EFFECTIVE_PHENOMENOLOGICAL,STRUCTURAL_PREDICTION_ONLY,VALIDATED
eff_ctau300_g100_br0p5,300,6.5775660133333338e-16,100,-100,0.5,5.6948221398852097e-04,0.0000000000000000e+00,0.006872078500000001,0.001161593276620673,1.4237055349713024e-01,9.7838161972072868e-04,1.3599504514118130e-01,2.2987358204613218e-02,3.0,4.5331681713727097e-02,False,EFFECTIVE_PHENOMENOLOGICAL,STRUCTURAL_PREDICTION_ONLY,VALIDATED
eff_ctau300_g100_br0p7567,300,6.5775660133333338e-16,100,-100,0.7567374858085787,5.6948221398852097e-04,0.0000000000000000e+00,0.006872078500000001,0.001161593276620673,3.2611491378435270e-01,2.2410872875468042e-03,3.1151113296900579e-01,5.2654991884811209e-02,3.0,1.0383704432300193e-01,False,EFFECTIVE_PHENOMENOLOGICAL,STRUCTURAL_PREDICTION_ONLY,VALIDATED
eff_ctau300_g100_br1,300,6.5775660133333338e-16,100,-100,1,5.6948221398852097e-04,0.0000000000000000e+00,0.006872078500000001,0.001161593276620673,5.6948221398852095e-01,3.9135264788829147e-03,5.4398018056472519e-01,9.1949432818452873e-02,3.0,1.8132672685490839e-01,False,EFFECTIVE_PHENOMENOLOGICAL,STRUCTURAL_PREDICTION_ONLY,VALIDATED
eff_ctau0p3_g150_br0p1,0.3,6.5775660133333333e-13,150,-150,0.1,1.2813349814741720e-03,0.0000000000000000e+00,0,0.0005,1.2813349814741722e-02,0.0000000000000000e+00,0.0000000000000000e+00,8.9052781212454969e-04,3.0,0.0000000000000000e+00,False,EFFECTIVE_PHENOMENOLOGICAL,STRUCTURAL_PREDICTION_ONLY,LOW_MC_STATISTICS
eff_ctau0p3_g150_br0p25,0.3,6.5775660133333333e-13,150,-150,0.25,1.2813349814741720e-03,0.0000000000000000e+00,0,0.0005,8.0083436342135744e-02,0.0000000000000000e+00,0.0000000000000000e+00,5.5657988257784346e-03,3.0,0.0000000000000000e+00,False,EFFECTIVE_PHENOMENOLOGICAL,STRUCTURAL_PREDICTION_ONLY,LOW_MC_STATISTICS
eff_ctau0p3_g150_br0p5,0.3,6.5775660133333333e-13,150,-150,0.5,1.2813349814741720e-03,0.0000000000000000e+00,0,0.0005,3.2033374536854298e-01,0.0000000000000000e+00,0.0000000000000000e+00,2.2263195303113738e-02,3.0,0.0000000000000000e+00,False,EFFECTIVE_PHENOMENOLOGICAL,STRUCTURAL_PREDICTION_ONLY,LOW_MC_STATISTICS
eff_ctau0p3_g150_br0p7567,0.3,6.5775660133333333e-13,150,-150,0.7567374858085787,1.2813349814741720e-03,0.0000000000000000e+00,0,0.0005,7.3375855601479334e-01,0.0000000000000000e+00,0.0000000000000000e+00,5.0996219643028133e-02,3.0,0.0000000000000000e+00,False,EFFECTIVE_PHENOMENOLOGICAL,STRUCTURAL_PREDICTION_ONLY,LOW_MC_STATISTICS
eff_ctau0p3_g150_br1,0.3,6.5775660133333333e-13,150,-150,1,1.2813349814741720e-03,0.0000000000000000e+00,0,0.0005,1.2813349814741719e+00,0.0000000000000000e+00,0.0000000000000000e+00,8.9052781212454954e-02,3.0,0.0000000000000000e+00,False,EFFECTIVE_PHENOMENOLOGICAL,STRUCTURAL_PREDICTION_ONLY,LOW_MC_STATISTICS
eff_ctau1_g150_br0p1,1,1.9732698040000000e-13,150,-150,0.1,1.2813349814741720e-03,0.0000000000000000e+00,0.003951574,0.00124959741827022,1.2813349814741722e-02,5.0632899980838205e-05,7.0379730973365107e-03,2.2256025098573297e-03,3.0,2.3459910324455037e-03,False,EFFECTIVE_PHENOMENOLOGICAL,STRUCTURAL_PREDICTION_ONLY,VALIDATED
eff_ctau1_g150_br0p25,1,1.9732698040000000e-13,150,-150,0.25,1.2813349814741720e-03,0.0000000000000000e+00,0.003951574,0.00124959741827022,8.0083436342135744e-02,3.1645562488023874e-04,4.3987331858353185e-02,1.3910015686608308e-02,3.0,1.4662443952784395e-02,False,EFFECTIVE_PHENOMENOLOGICAL,STRUCTURAL_PREDICTION_ONLY,VALIDATED
eff_ctau1_g150_br0p5,1,1.9732698040000000e-13,150,-150,0.5,1.2813349814741720e-03,0.0000000000000000e+00,0.003951574,0.00124959741827022,3.2033374536854298e-01,1.2658224995209550e-03,1.7594932743341274e-01,5.5640062746433232e-02,3.0,5.8649775811137582e-02,False,EFFECTIVE_PHENOMENOLOGICAL,STRUCTURAL_PREDICTION_ONLY,VALIDATED
eff_ctau1_g150_br0p7567,1,1.9732698040000000e-13,150,-150,0.7567374858085787,1.2813349814741720e-03,0.0000000000000000e+00,0.003951574,0.00124959741827022,7.3375855601479334e-01,2.8995012322256012e-03,4.0303067127935860e-01,1.2744948881493809e-01,3.0,1.3434355709311954e-01,False,EFFECTIVE_PHENOMENOLOGICAL,STRUCTURAL_PREDICTION_ONLY,VALIDATED
eff_ctau1_g150_br1,1,1.9732698040000000e-13,150,-150,1,1.2813349814741720e-03,0.0000000000000000e+00,0.003951574,0.00124959741827022,1.2813349814741719e+00,5.0632899980838199e-03,7.0379730973365096e-01,2.2256025098573293e-01,3.0,2.3459910324455033e-01,False,EFFECTIVE_PHENOMENOLOGICAL,STRUCTURAL_PREDICTION_ONLY,VALIDATED
eff_ctau3_g150_br0p1,3,6.5775660133333331e-14,150,-150,0.1,1.2813349814741720e-03,0.0000000000000000e+00,0.013341595,0.002255141155822941,1.2813349814741722e-02,1.7095052382160909e-04,2.3762122811203663e-02,4.0165318390540635e-03,3.0,7.9207076037345545e-03,False,EFFECTIVE_PHENOMENOLOGICAL,STRUCTURAL_PREDICTION_ONLY,VALIDATED
eff_ctau3_g150_br0p25,3,6.5775660133333331e-14,150,-150,0.25,1.2813349814741720e-03,0.0000000000000000e+00,0.013341595,0.002255141155822941,8.0083436342135744e-02,1.0684407738850564e-03,1.4851326757002284e-01,2.5103323994087885e-02,3.0,4.9504422523340946e-02,False,EFFECTIVE_PHENOMENOLOGICAL,STRUCTURAL_PREDICTION_ONLY,VALIDATED
eff_ctau3_g150_br0p5,3,6.5775660133333331e-14,150,-150,0.5,1.2813349814741720e-03,0.0000000000000000e+00,0.013341595,0.002255141155822941,3.2033374536854298e-01,4.2737630955402258e-03,5.9405307028009136e-01,1.0041329597635154e-01,3.0,1.9801769009336379e-01,False,EFFECTIVE_PHENOMENOLOGICAL,STRUCTURAL_PREDICTION_ONLY,VALIDATED
eff_ctau3_g150_br0p7567,3,6.5775660133333331e-14,150,-150,0.7567374858085787,1.2813349814741720e-03,0.0000000000000000e+00,0.013341595,0.002255141155822941,7.3375855601479334e-01,9.7895094821341868e-03,1.3607418180166519e+00,2.3000734741675807e-01,3.0,4.5358060600555067e-01,False,EFFECTIVE_PHENOMENOLOGICAL,STRUCTURAL_PREDICTION_ONLY,VALIDATED
eff_ctau3_g150_br1,3,6.5775660133333331e-14,150,-150,1,1.2813349814741720e-03,0.0000000000000000e+00,0.013341595,0.002255141155822941,1.2813349814741719e+00,1.7095052382160903e-02,2.3762122811203654e+00,4.0165318390540616e-01,3.0,7.9207076037345514e-01,False,EFFECTIVE_PHENOMENOLOGICAL,STRUCTURAL_PREDICTION_ONLY,VALIDATED
eff_ctau4p326_g150_br0p1,4.326221529733112,4.5611852986218501e-14,150,-150,0.1,1.2813349814741720e-03,0.0000000000000000e+00,0.01573386,0.002487741699310843,1.2813349814741722e-02,2.0160345211617218e-04,2.8022879844147933e-02,4.4308063452365891e-03,3.0,9.3409599480493103e-03,False,EFFECTIVE_PHENOMENOLOGICAL,STRUCTURAL_PREDICTION_ONLY,VALIDATED
eff_ctau4p326_g150_br0p25,4.326221529733112,4.5611852986218501e-14,150,-150,0.25,1.2813349814741720e-03,0.0000000000000000e+00,0.01573386,0.002487741699310843,8.0083436342135744e-02,1.2600215757260758e-03,1.7514299902592453e-01,2.7692539657728676e-02,3.0,5.8380999675308180e-02,False,EFFECTIVE_PHENOMENOLOGICAL,STRUCTURAL_PREDICTION_ONLY,VALIDATED
eff_ctau4p326_g150_br0p5,4.326221529733112,4.5611852986218501e-14,150,-150,0.5,1.2813349814741720e-03,0.0000000000000000e+00,0.01573386,0.002487741699310843,3.2033374536854298e-01,5.0400863029043032e-03,7.0057199610369814e-01,1.1077015863091470e-01,3.0,2.3352399870123272e-01,False,EFFECTIVE_PHENOMENOLOGICAL,STRUCTURAL_PREDICTION_ONLY,VALIDATED
eff_ctau4p326_g150_br0p7567,4.326221529733112,4.5611852986218501e-14,150,-150,0.7567374858085787,1.2813349814741720e-03,0.0000000000000000e+00,0.01573386,0.002487741699310843,7.3375855601479334e-01,1.1544854394138916e-02,1.6047347607853093e+00,2.5373084422635162e-01,3.0,5.3491158692843643e-01,False,EFFECTIVE_PHENOMENOLOGICAL,STRUCTURAL_PREDICTION_ONLY,VALIDATED
eff_ctau4p326_g150_br1,4.326221529733112,4.5611852986218501e-14,150,-150,1,1.2813349814741720e-03,0.0000000000000000e+00,0.01573386,0.002487741699310843,1.2813349814741719e+00,2.0160345211617213e-02,2.8022879844147925e+00,4.4308063452365881e-01,3.0,9.3409599480493088e-01,False,EFFECTIVE_PHENOMENOLOGICAL,STRUCTURAL_PREDICTION_ONLY,VALIDATED
eff_ctau10_g150_br0p1,10,1.9732698040000002e-14,150,-150,0.1,1.2813349814741720e-03,0.0000000000000000e+00,0.018625475,0.002716804752519248,1.2813349814741722e-02,2.3865472664072655e-04,3.3173007003060993e-02,4.8387803844610897e-03,3.0,1.1057669001020331e-02,False,EFFECTIVE_PHENOMENOLOGICAL,STRUCTURAL_PREDICTION_ONLY,VALIDATED
eff_ctau10_g150_br0p25,10,1.9732698040000002e-14,150,-150,0.25,1.2813349814741720e-03,0.0000000000000000e+00,0.018625475,0.002716804752519248,8.0083436342135744e-02,1.4915920415045406e-03,2.0733129376913115e-01,3.0242377402881798e-02,3.0,6.9110431256377045e-02,False,EFFECTIVE_PHENOMENOLOGICAL,STRUCTURAL_PREDICTION_ONLY,VALIDATED
eff_ctau10_g150_br0p5,10,1.9732698040000002e-14,150,-150,0.5,1.2813349814741720e-03,0.0000000000000000e+00,0.018625475,0.002716804752519248,3.2033374536854298e-01,5.9663681660181624e-03,8.2932517507652459e-01,1.2096950961152719e-01,3.0,2.7644172502550818e-01,False,EFFECTIVE_PHENOMENOLOGICAL,STRUCTURAL_PREDICTION_ONLY,VALIDATED
eff_ctau10_g150_br0p7567,10,1.9732698040000002e-14,150,-150,0.7567374858085787,1.2813349814741720e-03,0.0000000000000000e+00,0.018625475,0.002716804752519248,7.3375855601479334e-01,1.3666601641089631e-02,1.8996576281114588e+00,2.7709354377338852e-01,3.0,6.3321920937048626e-01,False,EFFECTIVE_PHENOMENOLOGICAL,STRUCTURAL_PREDICTION_ONLY,VALIDATED
eff_ctau10_g150_br1,10,1.9732698040000002e-14,150,-150,1,1.2813349814741720e-03,0.0000000000000000e+00,0.018625475,0.002716804752519248,1.2813349814741719e+00,2.3865472664072650e-02,3.3173007003060984e+00,4.8387803844610877e-01,3.0,1.1057669001020327e+00,True,EFFECTIVE_PHENOMENOLOGICAL,STRUCTURAL_PREDICTION_ONLY,VALIDATED
eff_ctau30_g150_br0p1,30,6.5775660133333334e-15,150,-150,0.1,1.2813349814741720e-03,0.0000000000000000e+00,0.01856252,0.002679268979709453,1.2813349814741722e-02,2.3784806220313951e-04,3.3060880646236392e-02,4.7719270851876681e-03,3.0,1.1020293548745464e-02,False,EFFECTIVE_PHENOMENOLOGICAL,STRUCTURAL_PREDICTION_ONLY,VALIDATED
eff_ctau30_g150_br0p25,30,6.5775660133333334e-15,150,-150,0.25,1.2813349814741720e-03,0.0000000000000000e+00,0.01856252,0.002679268979709453,8.0083436342135744e-02,1.4865503887696214e-03,2.0663050403897737e-01,2.9824544282422913e-02,3.0,6.8876834679659119e-02,False,EFFECTIVE_PHENOMENOLOGICAL,STRUCTURAL_PREDICTION_ONLY,VALIDATED
eff_ctau30_g150_br0p5,30,6.5775660133333334e-15,150,-150,0.5,1.2813349814741720e-03,0.0000000000000000e+00,0.01856252,0.002679268979709453,3.2033374536854298e-01,5.9462015550784857e-03,8.2652201615590948e-01,1.1929817712969165e-01,3.0,2.7550733871863647e-01,False,EFFECTIVE_PHENOMENOLOGICAL,STRUCTURAL_PREDICTION_ONLY,VALIDATED
eff_ctau30_g150_br0p7567,30,6.5775660133333334e-15,150,-150,0.7567374858085787,1.2813349814741720e-03,0.0000000000000000e+00,0.01856252,0.002679268979709453,7.3375855601479334e-01,1.3620407871195721e-02,1.8932366940962051e+00,2.7326517874403033e-01,3.0,6.3107889803206840e-01,False,EFFECTIVE_PHENOMENOLOGICAL,STRUCTURAL_PREDICTION_ONLY,VALIDATED
eff_ctau30_g150_br1,30,6.5775660133333334e-15,150,-150,1,1.2813349814741720e-03,0.0000000000000000e+00,0.01856252,0.002679268979709453,1.2813349814741719e+00,2.3784806220313943e-02,3.3060880646236379e+00,4.7719270851876661e-01,3.0,1.1020293548745459e+00,True,EFFECTIVE_PHENOMENOLOGICAL,STRUCTURAL_PREDICTION_ONLY,VALIDATED
eff_ctau100_g150_br0p1,100,1.9732698039999999e-15,150,-150,0.1,1.2813349814741720e-03,0.0000000000000000e+00,0.01425306,0.002079022475718981,1.2813349814741722e-02,1.8262944371050266e-04,2.5385492675759871e-02,3.7028546733195783e-03,3.0,8.4618308919199563e-03,False,EFFECTIVE_PHENOMENOLOGICAL,STRUCTURAL_PREDICTION_ONLY,VALIDATED
eff_ctau100_g150_br0p25,100,1.9732698039999999e-15,150,-150,0.25,1.2813349814741720e-03,0.0000000000000000e+00,0.01425306,0.002079022475718981,8.0083436342135744e-02,1.1414340231906412e-03,1.5865932922349912e-01,2.3142841708247354e-02,3.0,5.2886443074499710e-02,False,EFFECTIVE_PHENOMENOLOGICAL,STRUCTURAL_PREDICTION_ONLY,VALIDATED
eff_ctau100_g150_br0p5,100,1.9732698039999999e-15,150,-150,0.5,1.2813349814741720e-03,0.0000000000000000e+00,0.01425306,0.002079022475718981,3.2033374536854298e-01,4.5657360927625649e-03,6.3463731689399649e-01,9.2571366832989416e-02,3.0,2.1154577229799884e-01,False,EFFECTIVE_PHENOMENOLOGICAL,STRUCTURAL_PREDICTION_ONLY,VALIDATED
eff_ctau100_g150_br0p7567,100,1.9732698039999999e-15,150,-150,0.7567374858085787,1.2813349814741720e-03,0.0000000000000000e+00,0.01425306,0.002079022475718981,7.3375855601479334e-01,1.0458304724392209e-02,1.4537043566905170e+00,2.1204457362911455e-01,3.0,4.8456811889683898e-01,False,EFFECTIVE_PHENOMENOLOGICAL,STRUCTURAL_PREDICTION_ONLY,VALIDATED
eff_ctau100_g150_br1,100,1.9732698039999999e-15,150,-150,1,1.2813349814741720e-03,0.0000000000000000e+00,0.01425306,0.002079022475718981,1.2813349814741719e+00,1.8262944371050260e-02,2.5385492675759860e+00,3.7028546733195766e-01,3.0,8.4618308919199536e-01,False,EFFECTIVE_PHENOMENOLOGICAL,STRUCTURAL_PREDICTION_ONLY,VALIDATED
eff_ctau300_g150_br0p1,300,6.5775660133333338e-16,150,-150,0.1,1.2813349814741720e-03,0.0000000000000000e+00,0.006872078500000001,0.001161593276620673,1.2813349814741722e-02,8.8054345774865575e-05,1.2239554062706316e-02,2.0688622384151894e-03,3.0,4.0798513542354385e-03,False,EFFECTIVE_PHENOMENOLOGICAL,STRUCTURAL_PREDICTION_ONLY,VALIDATED
eff_ctau300_g150_br0p25,300,6.5775660133333338e-16,150,-150,0.25,1.2813349814741720e-03,0.0000000000000000e+00,0.006872078500000001,0.001161593276620673,8.0083436342135744e-02,5.5033966109290975e-04,7.6497212891914454e-02,1.2930388990094932e-02,3.0,2.5499070963971485e-02,False,EFFECTIVE_PHENOMENOLOGICAL,STRUCTURAL_PREDICTION_ONLY,VALIDATED
eff_ctau300_g150_br0p5,300,6.5775660133333338e-16,150,-150,0.5,1.2813349814741720e-03,0.0000000000000000e+00,0.006872078500000001,0.001161593276620673,3.2033374536854298e-01,2.2013586443716390e-03,3.0598885156765782e-01,5.1721555960379730e-02,3.0,1.0199628385588594e-01,False,EFFECTIVE_PHENOMENOLOGICAL,STRUCTURAL_PREDICTION_ONLY,VALIDATED
eff_ctau300_g150_br0p7567,300,6.5775660133333338e-16,150,-150,0.7567374858085787,1.2813349814741720e-03,0.0000000000000000e+00,0.006872078500000001,0.001161593276620673,7.3375855601479334e-01,5.0424463969803079e-03,7.0090004918026283e-01,1.1847373174082518e-01,3.0,2.3363334972675429e-01,False,EFFECTIVE_PHENOMENOLOGICAL,STRUCTURAL_PREDICTION_ONLY,VALIDATED
eff_ctau300_g150_br1,300,6.5775660133333338e-16,150,-150,1,1.2813349814741720e-03,0.0000000000000000e+00,0.006872078500000001,0.001161593276620673,1.2813349814741719e+00,8.8054345774865560e-03,1.2239554062706313e+00,2.0688622384151892e-01,3.0,4.0798513542354375e-01,False,EFFECTIVE_PHENOMENOLOGICAL,STRUCTURAL_PREDICTION_ONLY,VALIDATED
eff_ctau0p3_g205p093_br0p1,0.3,6.5775660133333333e-13,205.0927254223737,-205.0927254223737,0.1,2.3954145185596746e-03,0.0000000000000000e+00,0,0.0005,2.3954145185596749e-02,0.0000000000000000e+00,0.0000000000000000e+00,1.6648130903989741e-03,3.0,0.0000000000000000e+00,False,EFFECTIVE_PHENOMENOLOGICAL,STRUCTURAL_PREDICTION_ONLY,LOW_MC_STATISTICS
eff_ctau0p3_g205p093_br0p25,0.3,6.5775660133333333e-13,205.0927254223737,-205.0927254223737,0.25,2.3954145185596746e-03,0.0000000000000000e+00,0,0.0005,1.4971340740997965e-01,0.0000000000000000e+00,0.0000000000000000e+00,1.0405081814993587e-02,3.0,0.0000000000000000e+00,False,EFFECTIVE_PHENOMENOLOGICAL,STRUCTURAL_PREDICTION_ONLY,LOW_MC_STATISTICS
eff_ctau0p3_g205p093_br0p5,0.3,6.5775660133333333e-13,205.0927254223737,-205.0927254223737,0.5,2.3954145185596746e-03,0.0000000000000000e+00,0,0.0005,5.9885362963991862e-01,0.0000000000000000e+00,0.0000000000000000e+00,4.1620327259974346e-02,3.0,0.0000000000000000e+00,False,EFFECTIVE_PHENOMENOLOGICAL,STRUCTURAL_PREDICTION_ONLY,LOW_MC_STATISTICS
eff_ctau0p3_g205p093_br0p7567,0.3,6.5775660133333333e-13,205.0927254223737,-205.0927254223737,0.7567374858085787,2.3954145185596746e-03,0.0000000000000000e+00,0,0.0005,1.3717380104405177e+00,0.0000000000000000e+00,0.0000000000000000e+00,9.5335791725615973e-02,3.0,0.0000000000000000e+00,False,EFFECTIVE_PHENOMENOLOGICAL,STRUCTURAL_PREDICTION_ONLY,LOW_MC_STATISTICS
eff_ctau0p3_g205p093_br1,0.3,6.5775660133333333e-13,205.0927254223737,-205.0927254223737,1,2.3954145185596746e-03,0.0000000000000000e+00,0,0.0005,2.3954145185596745e+00,0.0000000000000000e+00,0.0000000000000000e+00,1.6648130903989738e-01,3.0,0.0000000000000000e+00,False,EFFECTIVE_PHENOMENOLOGICAL,STRUCTURAL_PREDICTION_ONLY,LOW_MC_STATISTICS
eff_ctau1_g205p093_br0p1,1,1.9732698040000000e-13,205.0927254223737,-205.0927254223737,0.1,2.3954145185596746e-03,0.0000000000000000e+00,0.003951574,0.00124959741827022,2.3954145185596749e-02,9.4656577307629296e-05,1.3157264245760473e-02,4.1606922793300492e-03,3.0,4.3857547485868240e-03,False,EFFECTIVE_PHENOMENOLOGICAL,STRUCTURAL_PREDICTION_ONLY,VALIDATED
eff_ctau1_g205p093_br0p25,1,1.9732698040000000e-13,205.0927254223737,-205.0927254223737,0.25,2.3954145185596746e-03,0.0000000000000000e+00,0.003951574,0.00124959741827022,1.4971340740997965e-01,5.9160360817268301e-04,8.2232901536002934e-02,2.6004326745812802e-02,3.0,2.7410967178667645e-02,False,EFFECTIVE_PHENOMENOLOGICAL,STRUCTURAL_PREDICTION_ONLY,VALIDATED
eff_ctau1_g205p093_br0p5,1,1.9732698040000000e-13,205.0927254223737,-205.0927254223737,0.5,2.3954145185596746e-03,0.0000000000000000e+00,0.003951574,0.00124959741827022,5.9885362963991862e-01,2.3664144326907320e-03,3.2893160614401173e-01,1.0401730698325121e-01,3.0,1.0964386871467058e-01,False,EFFECTIVE_PHENOMENOLOGICAL,STRUCTURAL_PREDICTION_ONLY,VALIDATED
eff_ctau1_g205p093_br0p7567,1,1.9732698040000000e-13,205.0927254223737,-205.0927254223737,0.7567374858085787,2.3954145185596746e-03,0.0000000000000000e+00,0.003951574,0.00124959741827022,1.3717380104405177e+00,5.4205242568684782e-03,7.5345287170471842e-01,2.3826271841815422e-01,3.0,2.5115095723490616e-01,False,EFFECTIVE_PHENOMENOLOGICAL,STRUCTURAL_PREDICTION_ONLY,VALIDATED
eff_ctau1_g205p093_br1,1,1.9732698040000000e-13,205.0927254223737,-205.0927254223737,1,2.3954145185596746e-03,0.0000000000000000e+00,0.003951574,0.00124959741827022,2.3954145185596745e+00,9.4656577307629282e-03,1.3157264245760469e+00,4.1606922793300483e-01,3.0,4.3857547485868231e-01,False,EFFECTIVE_PHENOMENOLOGICAL,STRUCTURAL_PREDICTION_ONLY,VALIDATED
eff_ctau3_g205p093_br0p1,3,6.5775660133333331e-14,205.0927254223737,-205.0927254223737,0.1,2.3954145185596746e-03,0.0000000000000000e+00,0.013341595,0.002255141155822941,2.3954145185596749e-02,3.1958650363743163e-04,4.4422524005602995e-02,7.5087770338230081e-03,3.0,1.4807508001867664e-02,False,EFFECTIVE_PHENOMENOLOGICAL,STRUCTURAL_PREDICTION_ONLY,VALIDATED
eff_ctau3_g205p093_br0p25,3,6.5775660133333331e-14,205.0927254223737,-205.0927254223737,0.25,2.3954145185596746e-03,0.0000000000000000e+00,0.013341595,0.002255141155822941,1.4971340740997965e-01,1.9974156477339474e-03,2.7764077503501872e-01,4.6929856461393797e-02,3.0,9.2546925011672901e-02,False,EFFECTIVE_PHENOMENOLOGICAL,STRUCTURAL_PREDICTION_ONLY,VALIDATED
eff_ctau3_g205p093_br0p5,3,6.5775660133333331e-14,205.0927254223737,-205.0927254223737,0.5,2.3954145185596746e-03,0.0000000000000000e+00,0.013341595,0.002255141155822941,5.9885362963991862e-01,7.9896625909357897e-03,1.1105631001400749e+00,1.8771942584557519e-01,3.0,3.7018770004669160e-01,False,EFFECTIVE_PHENOMENOLOGICAL,STRUCTURAL_PREDICTION_ONLY,VALIDATED
eff_ctau3_g205p093_br0p7567,3,6.5775660133333331e-14,205.0927254223737,-205.0927254223737,0.7567374858085787,2.3954145185596746e-03,0.0000000000000000e+00,0.013341595,0.002255141155822941,1.3717380104405177e+00,1.8301172981403158e-02,2.5438630444150387e+00,4.2999133508680148e-01,3.0,8.4795434813834625e-01,False,EFFECTIVE_PHENOMENOLOGICAL,STRUCTURAL_PREDICTION_ONLY,VALIDATED
eff_ctau3_g205p093_br1,3,6.5775660133333331e-14,205.0927254223737,-205.0927254223737,1,2.3954145185596746e-03,0.0000000000000000e+00,0.013341595,0.002255141155822941,2.3954145185596745e+00,3.1958650363743159e-02,4.4422524005602995e+00,7.5087770338230075e-01,3.0,1.4807508001867664e+00,True,EFFECTIVE_PHENOMENOLOGICAL,STRUCTURAL_PREDICTION_ONLY,VALIDATED
eff_ctau4p326_g205p093_br0p1,4.326221529733112,4.5611852986218501e-14,205.0927254223737,-205.0927254223737,0.1,2.3954145185596746e-03,0.0000000000000000e+00,0.01573386,0.002487741699310843,2.3954145185596749e-02,3.7689116676985326e-04,5.2387872181009605e-02,8.2832498930881602e-03,3.0,1.7462624060336534e-02,False,EFFECTIVE_PHENOMENOLOGICAL,STRUCTURAL_PREDICTION_ONLY,VALIDATED
eff_ctau4p326_g205p093_br0p25,4.326221529733112,4.5611852986218501e-14,205.0927254223737,-205.0927254223737,0.25,2.3954145185596746e-03,0.0000000000000000e+00,0.01573386,0.002487741699310843,1.4971340740997965e-01,2.3555697923115823e-03,3.2742420113130993e-01,5.1770311831800989e-02,3.0,1.0914140037710331e-01,False,EFFECTIVE_PHENOMENOLOGICAL,STRUCTURAL_PREDICTION_ONLY,VALIDATED
eff_ctau4p326_g205p093_br0p5,4.326221529733112,4.5611852986218501e-14,205.0927254223737,-205.0927254223737,0.5,2.3954145185596746e-03,0.0000000000000000e+00,0.01573386,0.002487741699310843,5.9885362963991862e-01,9.4222791692463292e-03,1.3096968045252397e+00,2.0708124732720395e-01,3.0,4.3656560150841323e-01,False,EFFECTIVE_PHENOMENOLOGICAL,STRUCTURAL_PREDICTION_ONLY,VALIDATED
eff_ctau4p326_g205p093_br0p7567,4.326221529733112,4.5611852986218501e-14,205.0927254223737,-205.0927254223737,0.7567374858085787,2.3954145185596746e-03,0.0000000000000000e+00,0.01573386,0.002487741699310843,1.3717380104405177e+00,2.1582733812949641e-02,3.0000000000000000e+00,4.7434164902525700e-01,3.0,1.0000000000000000e+00,True,EFFECTIVE_PHENOMENOLOGICAL,STRUCTURAL_PREDICTION_ONLY,VALIDATED
eff_ctau4p326_g205p093_br1,4.326221529733112,4.5611852986218501e-14,205.0927254223737,-205.0927254223737,1,2.3954145185596746e-03,0.0000000000000000e+00,0.01573386,0.002487741699310843,2.3954145185596745e+00,3.7689116676985317e-02,5.2387872181009589e+00,8.2832498930881582e-01,3.0,1.7462624060336529e+00,True,EFFECTIVE_PHENOMENOLOGICAL,STRUCTURAL_PREDICTION_ONLY,VALIDATED
eff_ctau10_g205p093_br0p1,10,1.9732698040000002e-14,205.0927254223737,-205.0927254223737,0.1,2.3954145185596746e-03,0.0000000000000000e+00,0.018625475,0.002716804752519248,2.3954145185596749e-02,4.4615733230070261e-04,6.2015869189797665e-02,9.0459442321043793e-03,3.0,2.0671956396599220e-02,False,EFFECTIVE_PHENOMENOLOGICAL,STRUCTURAL_PREDICTION_ONLY,VALIDATED
eff_ctau10_g205p093_br0p25,10,1.9732698040000002e-14,205.0927254223737,-205.0927254223737,0.25,2.3954145185596746e-03,0.0000000000000000e+00,0.018625475,0.002716804752519248,1.4971340740997965e-01,2.7884833268793908e-03,3.8759918243623531e-01,5.6537151450652356e-02,3.0,1.2919972747874511e-01,False,EFFECTIVE_PHENOMENOLOGICAL,STRUCTURAL_PREDICTION_ONLY,VALIDATED
eff_ctau10_g205p093_br0p5,10,1.9732698040000002e-14,205.0927254223737,-205.0927254223737,0.5,2.3954145185596746e-03,0.0000000000000000e+00,0.018625475,0.002716804752519248,5.9885362963991862e-01,1.1153933307517563e-02,1.5503967297449412e+00,2.2614860580260943e-01,3.0,5.1679890991498045e-01,False,EFFECTIVE_PHENOMENOLOGICAL,STRUCTURAL_PREDICTION_ONLY,VALIDATED
eff_ctau10_g205p093_br0p7567,10,1.9732698040000002e-14,205.0927254223737,-205.0927254223737,0.7567374858085787,2.3954145185596746e-03,0.0000000000000000e+00,0.018625475,0.002716804752519248,1.3717380104405177e+00,2.5549272020009599e-02,3.5513488107813345e+00,5.1801746409067739e-01,3.0,1.1837829369271116e+00,True,EFFECTIVE_PHENOMENOLOGICAL,STRUCTURAL_PREDICTION_ONLY,VALIDATED
eff_ctau10_g205p093_br1,10,1.9732698040000002e-14,205.0927254223737,-205.0927254223737,1,2.3954145185596746e-03,0.0000000000000000e+00,0.018625475,0.002716804752519248,2.3954145185596745e+00,4.4615733230070252e-02,6.2015869189797650e+00,9.0459442321043770e-01,3.0,2.0671956396599218e+00,True,EFFECTIVE_PHENOMENOLOGICAL,STRUCTURAL_PREDICTION_ONLY,VALIDATED
eff_ctau30_g205p093_br0p1,30,6.5775660133333334e-15,205.0927254223737,-205.0927254223737,0.1,2.3954145185596746e-03,0.0000000000000000e+00,0.01856252,0.002679268979709453,2.3954145185596749e-02,4.4464929909054333e-04,6.1806252573585525e-02,8.9209641402404026e-03,3.0,2.0602084191195174e-02,False,EFFECTIVE_PHENOMENOLOGICAL,STRUCTURAL_PREDICTION_ONLY,VALIDATED
eff_ctau30_g205p093_br0p25,30,6.5775660133333334e-15,205.0927254223737,-205.0927254223737,0.25,2.3954145185596746e-03,0.0000000000000000e+00,0.01856252,0.002679268979709453,1.4971340740997965e-01,2.7790581193158953e-03,3.8628907858490946e-01,5.5756025876502503e-02,3.0,1.2876302619496982e-01,False,EFFECTIVE_PHENOMENOLOGICAL,STRUCTURAL_PREDICTION_ONLY,VALIDATED
eff_ctau30_g205p093_br0p5,30,6.5775660133333334e-15,205.0927254223737,-205.0927254223737,0.5,2.3954145185596746e-03,0.0000000000000000e+00,0.01856252,0.002679268979709453,5.9885362963991862e-01,1.1116232477263581e-02,1.5451563143396378e+00,2.2302410350601001e-01,3.0,5.1505210477987928e-01,False,EFFECTIVE_PHENOMENOLOGICAL,STRUCTURAL_PREDICTION_ONLY,VALIDATED
eff_ctau30_g205p093_br0p7567,30,6.5775660133333334e-15,205.0927254223737,-205.0927254223737,0.7567374858085787,2.3954145185596746e-03,0.0000000000000000e+00,0.01856252,0.002679268979709453,1.3717380104405177e+00,2.5462914253562317e-02,3.5393450812451621e+00,5.1086045885296816e-01,3.0,1.1797816937483874e+00,True,EFFECTIVE_PHENOMENOLOGICAL,STRUCTURAL_PREDICTION_ONLY,VALIDATED
eff_ctau30_g205p093_br1,30,6.5775660133333334e-15,205.0927254223737,-205.0927254223737,1,2.3954145185596746e-03,0.0000000000000000e+00,0.01856252,0.002679268979709453,2.3954145185596745e+00,4.4464929909054325e-02,6.1806252573585514e+00,8.9209641402404005e-01,3.0,2.0602084191195171e+00,True,EFFECTIVE_PHENOMENOLOGICAL,STRUCTURAL_PREDICTION_ONLY,VALIDATED
eff_ctau100_g205p093_br0p1,100,1.9732698039999999e-15,205.0927254223737,-205.0927254223737,0.1,2.3954145185596746e-03,0.0000000000000000e+00,0.01425306,0.002079022475718981,2.3954145185596749e-02,3.4141986857902162e-04,4.7457361732484007e-02,6.9223676656212860e-03,3.0,1.5819120577494669e-02,False,EFFECTIVE_PHENOMENOLOGICAL,STRUCTURAL_PREDICTION_ONLY,VALIDATED
eff_ctau100_g205p093_br0p25,100,1.9732698039999999e-15,205.0927254223737,-205.0927254223737,0.25,2.3954145185596746e-03,0.0000000000000000e+00,0.01425306,0.002079022475718981,1.4971340740997965e-01,2.1338741786188845e-03,2.9660851082802492e-01,4.3264797910133018e-02,3.0,9.8869503609341644e-02,False,EFFECTIVE_PHENOMENOLOGICAL,STRUCTURAL_PREDICTION_ONLY,VALIDATED
eff_ctau100_g205p093_br0p5,100,1.9732698039999999e-15,205.0927254223737,-205.0927254223737,0.5,2.3954145185596746e-03,0.0000000000000000e+00,0.01425306,0.002079022475718981,5.9885362963991862e-01,8.5354967144755378e-03,1.1864340433120997e+00,1.7305919164053207e-01,3.0,3.9547801443736658e-01,False,EFFECTIVE_PHENOMENOLOGICAL,STRUCTURAL_PREDICTION_ONLY,VALIDATED
eff_ctau100_g205p093_br0p7567,100,1.9732698039999999e-15,205.0927254223737,-205.0927254223737,0.7567374858085787,2.3954145185596746e-03,0.0000000000000000e+00,0.01425306,0.002079022475718981,1.3717380104405177e+00,1.9551464167089326e-02,2.7176535192254163e+00,3.9641050747603856e-01,3.0,9.0588450640847207e-01,False,EFFECTIVE_PHENOMENOLOGICAL,STRUCTURAL_PREDICTION_ONLY,VALIDATED
eff_ctau100_g205p093_br1,100,1.9732698039999999e-15,205.0927254223737,-205.0927254223737,1,2.3954145185596746e-03,0.0000000000000000e+00,0.01425306,0.002079022475718981,2.3954145185596745e+00,3.4141986857902151e-02,4.7457361732483987e+00,6.9223676656212829e-01,3.0,1.5819120577494663e+00,True,EFFECTIVE_PHENOMENOLOGICAL,STRUCTURAL_PREDICTION_ONLY,VALIDATED
eff_ctau300_g205p093_br0p1,300,6.5775660133333338e-16,205.0927254223737,-205.0927254223737,0.1,2.3954145185596746e-03,0.0000000000000000e+00,0.006872078500000001,0.001161593276620673,2.3954145185596749e-02,1.6461476611581794e-04,2.2881452490098694e-02,3.8676713852750658e-03,3.0,7.6271508300328984e-03,False,EFFECTIVE_PHENOMENOLOGICAL,STRUCTURAL_PREDICTION_ONLY,VALIDATED
eff_ctau300_g205p093_br0p25,300,6.5775660133333338e-16,205.0927254223737,-205.0927254223737,0.25,2.3954145185596746e-03,0.0000000000000000e+00,0.006872078500000001,0.001161593276620673,1.4971340740997965e-01,1.0288422882238620e-03,1.4300907806311680e-01,2.4172946157969156e-02,3.0,4.7669692687705600e-02,False,EFFECTIVE_PHENOMENOLOGICAL,STRUCTURAL_PREDICTION_ONLY,VALIDATED
eff_ctau300_g205p093_br0p5,300,6.5775660133333338e-16,205.0927254223737,-205.0927254223737,0.5,2.3954145185596746e-03,0.0000000000000000e+00,0.006872078500000001,0.001161593276620673,5.9885362963991862e-01,4.1153691528954478e-03,5.7203631225246721e-01,9.6691784631876623e-02,3.0,1.9067877075082240e-01,False,EFFECTIVE_PHENOMENOLOGICAL,STRUCTURAL_PREDICTION_ONLY,VALIDATED
eff_ctau300_g205p093_br0p7567,300,6.5775660133333338e-16,205.0927254223737,-205.0927254223737,0.7567374858085787,2.3954145185596746e-03,0.0000000000000000e+00,0.006872078500000001,0.001161593276620673,1.3717380104405177e+00,9.4266912891810585e-03,1.3103100891961672e+00,2.2148282937956865e-01,3.0,4.3677002973205575e-01,False,EFFECTIVE_PHENOMENOLOGICAL,STRUCTURAL_PREDICTION_ONLY,VALIDATED
eff_ctau300_g205p093_br1,300,6.5775660133333338e-16,205.0927254223737,-205.0927254223737,1,2.3954145185596746e-03,0.0000000000000000e+00,0.006872078500000001,0.001161593276620673,2.3954145185596745e+00,1.6461476611581791e-02,2.2881452490098688e+00,3.8676713852750649e-01,3.0,7.6271508300328961e-01,False,EFFECTIVE_PHENOMENOLOGICAL,STRUCTURAL_PREDICTION_ONLY,VALIDATED
eff_ctau0p3_g300_br0p1,0.3,6.5775660133333333e-13,300,-300,0.1,5.1253399258966879e-03,0.0000000000000000e+00,0,0.0005,5.1253399258966888e-02,0.0000000000000000e+00,0.0000000000000000e+00,3.5621112484981988e-03,3.0,0.0000000000000000e+00,False,EFFECTIVE_PHENOMENOLOGICAL,STRUCTURAL_PREDICTION_ONLY,LOW_MC_STATISTICS
eff_ctau0p3_g300_br0p25,0.3,6.5775660133333333e-13,300,-300,0.25,5.1253399258966879e-03,0.0000000000000000e+00,0,0.0005,3.2033374536854298e-01,0.0000000000000000e+00,0.0000000000000000e+00,2.2263195303113738e-02,3.0,0.0000000000000000e+00,False,EFFECTIVE_PHENOMENOLOGICAL,STRUCTURAL_PREDICTION_ONLY,LOW_MC_STATISTICS
eff_ctau0p3_g300_br0p5,0.3,6.5775660133333333e-13,300,-300,0.5,5.1253399258966879e-03,0.0000000000000000e+00,0,0.0005,1.2813349814741719e+00,0.0000000000000000e+00,0.0000000000000000e+00,8.9052781212454954e-02,3.0,0.0000000000000000e+00,False,EFFECTIVE_PHENOMENOLOGICAL,STRUCTURAL_PREDICTION_ONLY,LOW_MC_STATISTICS
eff_ctau0p3_g300_br0p7567,0.3,6.5775660133333333e-13,300,-300,0.7567374858085787,5.1253399258966879e-03,0.0000000000000000e+00,0,0.0005,2.9350342240591734e+00,0.0000000000000000e+00,0.0000000000000000e+00,2.0398487857211253e-01,3.0,0.0000000000000000e+00,False,EFFECTIVE_PHENOMENOLOGICAL,STRUCTURAL_PREDICTION_ONLY,LOW_MC_STATISTICS
eff_ctau0p3_g300_br1,0.3,6.5775660133333333e-13,300,-300,1,5.1253399258966879e-03,0.0000000000000000e+00,0,0.0005,5.1253399258966876e+00,0.0000000000000000e+00,0.0000000000000000e+00,3.5621112484981982e-01,3.0,0.0000000000000000e+00,False,EFFECTIVE_PHENOMENOLOGICAL,STRUCTURAL_PREDICTION_ONLY,LOW_MC_STATISTICS
eff_ctau1_g300_br0p1,1,1.9732698040000000e-13,300,-300,0.1,5.1253399258966879e-03,0.0000000000000000e+00,0.003951574,0.00124959741827022,5.1253399258966888e-02,2.0253159992335282e-04,2.8151892389346043e-02,8.9024100394293187e-03,3.0,9.3839641297820148e-03,False,EFFECTIVE_PHENOMENOLOGICAL,STRUCTURAL_PREDICTION_ONLY,VALIDATED
eff_ctau1_g300_br0p25,1,1.9732698040000000e-13,300,-300,0.25,5.1253399258966879e-03,0.0000000000000000e+00,0.003951574,0.00124959741827022,3.2033374536854298e-01,1.2658224995209550e-03,1.7594932743341274e-01,5.5640062746433232e-02,3.0,5.8649775811137582e-02,False,EFFECTIVE_PHENOMENOLOGICAL,STRUCTURAL_PREDICTION_ONLY,VALIDATED
eff_ctau1_g300_br0p5,1,1.9732698040000000e-13,300,-300,0.5,5.1253399258966879e-03,0.0000000000000000e+00,0.003951574,0.00124959741827022,1.2813349814741719e+00,5.0632899980838199e-03,7.0379730973365096e-01,2.2256025098573293e-01,3.0,2.3459910324455033e-01,False,EFFECTIVE_PHENOMENOLOGICAL,STRUCTURAL_PREDICTION_ONLY,VALIDATED
eff_ctau1_g300_br0p7567,1,1.9732698040000000e-13,300,-300,0.7567374858085787,5.1253399258966879e-03,0.0000000000000000e+00,0.003951574,0.00124959741827022,2.9350342240591734e+00,1.1598004928902405e-02,1.6121226851174344e+00,5.0979795525975236e-01,3.0,5.3737422837247817e-01,False,EFFECTIVE_PHENOMENOLOGICAL,STRUCTURAL_PREDICTION_ONLY,VALIDATED
eff_ctau1_g300_br1,1,1.9732698040000000e-13,300,-300,1,5.1253399258966879e-03,0.0000000000000000e+00,0.003951574,0.00124959741827022,5.1253399258966876e+00,2.0253159992335280e-02,2.8151892389346038e+00,8.9024100394293171e-01,3.0,9.3839641297820131e-01,False,EFFECTIVE_PHENOMENOLOGICAL,STRUCTURAL_PREDICTION_ONLY,VALIDATED
eff_ctau3_g300_br0p1,3,6.5775660133333331e-14,300,-300,0.1,5.1253399258966879e-03,0.0000000000000000e+00,0.013341595,0.002255141155822941,5.1253399258966888e-02,6.8380209528643636e-04,9.5048491244814654e-02,1.6066127356216254e-02,3.0,3.1682830414938218e-02,False,EFFECTIVE_PHENOMENOLOGICAL,STRUCTURAL_PREDICTION_ONLY,VALIDATED
eff_ctau3_g300_br0p25,3,6.5775660133333331e-14,300,-300,0.25,5.1253399258966879e-03,0.0000000000000000e+00,0.013341595,0.002255141155822941,3.2033374536854298e-01,4.2737630955402258e-03,5.9405307028009136e-01,1.0041329597635154e-01,3.0,1.9801769009336379e-01,False,EFFECTIVE_PHENOMENOLOGICAL,STRUCTURAL_PREDICTION_ONLY,VALIDATED
eff_ctau3_g300_br0p5,3,6.5775660133333331e-14,300,-300,0.5,5.1253399258966879e-03,0.0000000000000000e+00,0.013341595,0.002255141155822941,1.2813349814741719e+00,1.7095052382160903e-02,2.3762122811203654e+00,4.0165318390540616e-01,3.0,7.9207076037345514e-01,False,EFFECTIVE_PHENOMENOLOGICAL,STRUCTURAL_PREDICTION_ONLY,VALIDATED
eff_ctau3_g300_br0p7567,3,6.5775660133333331e-14,300,-300,0.7567374858085787,5.1253399258966879e-03,0.0000000000000000e+00,0.013341595,0.002255141155822941,2.9350342240591734e+00,3.9158037928536747e-02,5.4429672720666078e+00,9.2002938966703229e-01,3.0,1.8143224240222027e+00,True,EFFECTIVE_PHENOMENOLOGICAL,STRUCTURAL_PREDICTION_ONLY,VALIDATED
eff_ctau3_g300_br1,3,6.5775660133333331e-14,300,-300,1,5.1253399258966879e-03,0.0000000000000000e+00,0.013341595,0.002255141155822941,5.1253399258966876e+00,6.8380209528643612e-02,9.5048491244814617e+00,1.6066127356216247e+00,3.0,3.1682830414938206e+00,True,EFFECTIVE_PHENOMENOLOGICAL,STRUCTURAL_PREDICTION_ONLY,VALIDATED
eff_ctau4p326_g300_br0p1,4.326221529733112,4.5611852986218501e-14,300,-300,0.1,5.1253399258966879e-03,0.0000000000000000e+00,0.01573386,0.002487741699310843,5.1253399258966888e-02,8.0641380846468871e-04,1.1209151937659173e-01,1.7723225380946356e-02,3.0,3.7363839792197241e-02,False,EFFECTIVE_PHENOMENOLOGICAL,STRUCTURAL_PREDICTION_ONLY,VALIDATED
eff_ctau4p326_g300_br0p25,4.326221529733112,4.5611852986218501e-14,300,-300,0.25,5.1253399258966879e-03,0.0000000000000000e+00,0.01573386,0.002487741699310843,3.2033374536854298e-01,5.0400863029043032e-03,7.0057199610369814e-01,1.1077015863091470e-01,3.0,2.3352399870123272e-01,False,EFFECTIVE_PHENOMENOLOGICAL,STRUCTURAL_PREDICTION_ONLY,VALIDATED
eff_ctau4p326_g300_br0p5,4.326221529733112,4.5611852986218501e-14,300,-300,0.5,5.1253399258966879e-03,0.0000000000000000e+00,0.01573386,0.002487741699310843,1.2813349814741719e+00,2.0160345211617213e-02,2.8022879844147925e+00,4.4308063452365881e-01,3.0,9.3409599480493088e-01,False,EFFECTIVE_PHENOMENOLOGICAL,STRUCTURAL_PREDICTION_ONLY,VALIDATED
eff_ctau4p326_g300_br0p7567,4.326221529733112,4.5611852986218501e-14,300,-300,0.7567374858085787,5.1253399258966879e-03,0.0000000000000000e+00,0.01573386,0.002487741699310843,2.9350342240591734e+00,4.6179417576555665e-02,6.4189390431412372e+00,1.0149233769054065e+00,3.0,2.1396463477137457e+00,True,EFFECTIVE_PHENOMENOLOGICAL,STRUCTURAL_PREDICTION_ONLY,VALIDATED
eff_ctau4p326_g300_br1,4.326221529733112,4.5611852986218501e-14,300,-300,1,5.1253399258966879e-03,0.0000000000000000e+00,0.01573386,0.002487741699310843,5.1253399258966876e+00,8.0641380846468852e-02,1.1209151937659170e+01,1.7723225380946352e+00,3.0,3.7363839792197235e+00,True,EFFECTIVE_PHENOMENOLOGICAL,STRUCTURAL_PREDICTION_ONLY,VALIDATED
eff_ctau10_g300_br0p1,10,1.9732698040000002e-14,300,-300,0.1,5.1253399258966879e-03,0.0000000000000000e+00,0.018625475,0.002716804752519248,5.1253399258966888e-02,9.5461890656290619e-04,1.3269202801224397e-01,1.9355121537844359e-02,3.0,4.4230676004081322e-02,False,EFFECTIVE_PHENOMENOLOGICAL,STRUCTURAL_PREDICTION_ONLY,VALIDATED
eff_ctau10_g300_br0p25,10,1.9732698040000002e-14,300,-300,0.25,5.1253399258966879e-03,0.0000000000000000e+00,0.018625475,0.002716804752519248,3.2033374536854298e-01,5.9663681660181624e-03,8.2932517507652459e-01,1.2096950961152719e-01,3.0,2.7644172502550818e-01,False,EFFECTIVE_PHENOMENOLOGICAL,STRUCTURAL_PREDICTION_ONLY,VALIDATED
eff_ctau10_g300_br0p5,10,1.9732698040000002e-14,300,-300,0.5,5.1253399258966879e-03,0.0000000000000000e+00,0.018625475,0.002716804752519248,1.2813349814741719e+00,2.3865472664072650e-02,3.3173007003060984e+00,4.8387803844610877e-01,3.0,1.1057669001020327e+00,True,EFFECTIVE_PHENOMENOLOGICAL,STRUCTURAL_PREDICTION_ONLY,VALIDATED
eff_ctau10_g300_br0p7567,10,1.9732698040000002e-14,300,-300,0.7567374858085787,5.1253399258966879e-03,0.0000000000000000e+00,0.018625475,0.002716804752519248,2.9350342240591734e+00,5.4666406564358526e-02,7.5986305124458351e+00,1.1083741750935541e+00,3.0,2.5328768374819450e+00,True,EFFECTIVE_PHENOMENOLOGICAL,STRUCTURAL_PREDICTION_ONLY,VALIDATED
eff_ctau10_g300_br1,10,1.9732698040000002e-14,300,-300,1,5.1253399258966879e-03,0.0000000000000000e+00,0.018625475,0.002716804752519248,5.1253399258966876e+00,9.5461890656290599e-02,1.3269202801224393e+01,1.9355121537844351e+00,3.0,4.4230676004081309e+00,True,EFFECTIVE_PHENOMENOLOGICAL,STRUCTURAL_PREDICTION_ONLY,VALIDATED
eff_ctau30_g300_br0p1,30,6.5775660133333334e-15,300,-300,0.1,5.1253399258966879e-03,0.0000000000000000e+00,0.01856252,0.002679268979709453,5.1253399258966888e-02,9.5139224881255803e-04,1.3224352258494557e-01,1.9087708340750673e-02,3.0,4.4081174194981858e-02,False,EFFECTIVE_PHENOMENOLOGICAL,STRUCTURAL_PREDICTION_ONLY,VALIDATED
eff_ctau30_g300_br0p25,30,6.5775660133333334e-15,300,-300,0.25,5.1253399258966879e-03,0.0000000000000000e+00,0.01856252,0.002679268979709453,3.2033374536854298e-01,5.9462015550784857e-03,8.2652201615590948e-01,1.1929817712969165e-01,3.0,2.7550733871863647e-01,False,EFFECTIVE_PHENOMENOLOGICAL,STRUCTURAL_PREDICTION_ONLY,VALIDATED
eff_ctau30_g300_br0p5,30,6.5775660133333334e-15,300,-300,0.5,5.1253399258966879e-03,0.0000000000000000e+00,0.01856252,0.002679268979709453,1.2813349814741719e+00,2.3784806220313943e-02,3.3060880646236379e+00,4.7719270851876661e-01,3.0,1.1020293548745459e+00,True,EFFECTIVE_PHENOMENOLOGICAL,STRUCTURAL_PREDICTION_ONLY,VALIDATED
eff_ctau30_g300_br0p7567,30,6.5775660133333334e-15,300,-300,0.7567374858085787,5.1253399258966879e-03,0.0000000000000000e+00,0.01856252,0.002679268979709453,2.9350342240591734e+00,5.4481631484782883e-02,7.5729467763848204e+00,1.0930607149761213e+00,3.0,2.5243155921282736e+00,True,EFFECTIVE_PHENOMENOLOGICAL,STRUCTURAL_PREDICTION_ONLY,VALIDATED
eff_ctau30_g300_br1,30,6.5775660133333334e-15,300,-300,1,5.1253399258966879e-03,0.0000000000000000e+00,0.01856252,0.002679268979709453,5.1253399258966876e+00,9.5139224881255771e-02,1.3224352258494552e+01,1.9087708340750664e+00,3.0,4.4081174194981836e+00,True,EFFECTIVE_PHENOMENOLOGICAL,STRUCTURAL_PREDICTION_ONLY,VALIDATED
eff_ctau100_g300_br0p1,100,1.9732698039999999e-15,300,-300,0.1,5.1253399258966879e-03,0.0000000000000000e+00,0.01425306,0.002079022475718981,5.1253399258966888e-02,7.3051777484201062e-04,1.0154197070303948e-01,1.4811418693278313e-02,3.0,3.3847323567679825e-02,False,EFFECTIVE_PHENOMENOLOGICAL,STRUCTURAL_PREDICTION_ONLY,VALIDATED
eff_ctau100_g300_br0p25,100,1.9732698039999999e-15,300,-300,0.25,5.1253399258966879e-03,0.0000000000000000e+00,0.01425306,0.002079022475718981,3.2033374536854298e-01,4.5657360927625649e-03,6.3463731689399649e-01,9.2571366832989416e-02,3.0,2.1154577229799884e-01,False,EFFECTIVE_PHENOMENOLOGICAL,STRUCTURAL_PREDICTION_ONLY,VALIDATED
eff_ctau100_g300_br0p5,100,1.9732698039999999e-15,300,-300,0.5,5.1253399258966879e-03,0.0000000000000000e+00,0.01425306,0.002079022475718981,1.2813349814741719e+00,1.8262944371050260e-02,2.5385492675759860e+00,3.7028546733195766e-01,3.0,8.4618308919199536e-01,False,EFFECTIVE_PHENOMENOLOGICAL,STRUCTURAL_PREDICTION_ONLY,VALIDATED
eff_ctau100_g300_br0p7567,100,1.9732698039999999e-15,300,-300,0.7567374858085787,5.1253399258966879e-03,0.0000000000000000e+00,0.01425306,0.002079022475718981,2.9350342240591734e+00,4.1833218897568837e-02,5.8148174267620680e+00,8.4817829451645821e-01,3.0,1.9382724755873559e+00,True,EFFECTIVE_PHENOMENOLOGICAL,STRUCTURAL_PREDICTION_ONLY,VALIDATED
eff_ctau100_g300_br1,100,1.9732698039999999e-15,300,-300,1,5.1253399258966879e-03,0.0000000000000000e+00,0.01425306,0.002079022475718981,5.1253399258966876e+00,7.3051777484201039e-02,1.0154197070303944e+01,1.4811418693278307e+00,3.0,3.3847323567679815e+00,True,EFFECTIVE_PHENOMENOLOGICAL,STRUCTURAL_PREDICTION_ONLY,VALIDATED
eff_ctau300_g300_br0p1,300,6.5775660133333338e-16,300,-300,0.1,5.1253399258966879e-03,0.0000000000000000e+00,0.006872078500000001,0.001161593276620673,5.1253399258966888e-02,3.5221738309946230e-04,4.8958216250825262e-02,8.2754489536607575e-03,3.0,1.6319405416941754e-02,False,EFFECTIVE_PHENOMENOLOGICAL,STRUCTURAL_PREDICTION_ONLY,VALIDATED
eff_ctau300_g300_br0p25,300,6.5775660133333338e-16,300,-300,0.25,5.1253399258966879e-03,0.0000000000000000e+00,0.006872078500000001,0.001161593276620673,3.2033374536854298e-01,2.2013586443716390e-03,3.0598885156765782e-01,5.1721555960379730e-02,3.0,1.0199628385588594e-01,False,EFFECTIVE_PHENOMENOLOGICAL,STRUCTURAL_PREDICTION_ONLY,VALIDATED
eff_ctau300_g300_br0p5,300,6.5775660133333338e-16,300,-300,0.5,5.1253399258966879e-03,0.0000000000000000e+00,0.006872078500000001,0.001161593276620673,1.2813349814741719e+00,8.8054345774865560e-03,1.2239554062706313e+00,2.0688622384151892e-01,3.0,4.0798513542354375e-01,False,EFFECTIVE_PHENOMENOLOGICAL,STRUCTURAL_PREDICTION_ONLY,VALIDATED
eff_ctau300_g300_br0p7567,300,6.5775660133333338e-16,300,-300,0.7567374858085787,5.1253399258966879e-03,0.0000000000000000e+00,0.006872078500000001,0.001161593276620673,2.9350342240591734e+00,2.0169785587921232e-02,2.8036001967210513e+00,4.7389492696330071e-01,3.0,9.3453339890701714e-01,False,EFFECTIVE_PHENOMENOLOGICAL,STRUCTURAL_PREDICTION_ONLY,VALIDATED
eff_ctau300_g300_br1,300,6.5775660133333338e-16,300,-300,1,5.1253399258966879e-03,0.0000000000000000e+00,0.006872078500000001,0.001161593276620673,5.1253399258966876e+00,3.5221738309946224e-02,4.8958216250825251e+00,8.2754489536607567e-01,3.0,1.6319405416941750e+00,True,EFFECTIVE_PHENOMENOLOGICAL,STRUCTURAL_PREDICTION_ONLY,VALIDATED
