point_id,mH2_GeV,tan_beta,lambda6,M2_GeV2,g_hH2H2_GeV,ctau_mm,BR_bb,sigma_production_fb,sigma_production_unc_fb,madgraph_status,madgraph_run_id_or_path
point_c7afb83ab8127e47,150.0,300000.0,1e-10,22499.999999500335,63.59142520075966,4.326221529733112,0.7567374858085787,0.22647489999999998,0.0016014193755860768,VALID,run_point_c7afb83ab8127e47_s101;run_point_c7afb83ab8127e47_s107
point_475c88fa77e24335,150.0,50000.0,1e-10,22499.9999995,63.591425200337426,0.12017103654551123,0.7567272590956858,0.22647489999999998,0.0016014193755860768,VALID,run_point_475c88fa77e24335_s101;run_point_475c88fa77e24335_s107
point_8b6827bd9f4f8520,150.0,1000.0,1e-10,22499.9999995,63.591425200253184,4.806839475047508e-05,0.7567269666234558,0.22647489999999998,0.0016014193755860768,VALID,run_point_8b6827bd9f4f8520_s101;run_point_8b6827bd9f4f8520_s107
point_38d3067f8e929597,150.0,500.0,1e-10,22499.9999995,63.59142520025239,1.2017098686287695e-05,0.7567269665386477,0.22647489999999998,0.0016014193755860768,VALID,run_point_38d3067f8e929597_s101;run_point_38d3067f8e929597_s107
point_1101145ed91762d9,150.0,100.0,0.001,22499.9999995,63.59142520025205,4.806835076487335e-07,0.7567262741634827,0.22647489999999998,0.0016014193755860768,VALID,run_point_1101145ed91762d9_s101;run_point_1101145ed91762d9_s107
point_711ee5c8663de766,150.0,50.0,1e-10,22499.9999995,63.59142520025193,1.2017098685981187e-07,0.7567269665130169,0.22647489999999998,0.0016014193755860768,VALID,run_point_711ee5c8663de766_s101;run_point_711ee5c8663de766_s107
point_bcaa8d2659b645d2,150.0,10.0,1e-10,22499.9999995,63.59142520025182,4.8068394743898395e-09,0.7567269665127239,0.22647489999999998,0.0016014193755860768,VALID,run_point_bcaa8d2659b645d2_s101;run_point_bcaa8d2659b645d2_s107
point_258aab42cfa2286c,150.0,10.0,0.01,20000.0,83.89842074418482,4.807171359499007e-09,0.7567792142345796,0.3942123,0.0027875019057612325,VALID,run_point_258aab42cfa2286c_s101;run_point_258aab42cfa2286c_s107
point_30f605b48819ff38,150.0,10.0,0.05,20000.0,83.89842074418459,4.807155800794674e-09,0.7567767648723362,0.3942123,0.0027875019057612325,VALID,run_point_30f605b48819ff38_s101;run_point_30f605b48819ff38_s107
